id,duration,ip,ex1t,ex2t,A1,A2,A3,A4_1,A4_2,A4_3,A4_4,A5_1,A5_2,A5_3,A5_4,A5_5,A5_6,A5_7,A6,A7,A8,A9,A10,A11,A12_1,A12_2,A12_3,A12_4,B1,B1a,B2,B3,B4,B5,B6,B7_1,B7_2,B7_3,B7_4,B7_5,B7_6,B8_1,B8_2,B8_3,B9,B11_1,B11_2,B11_3,B11_4,B12_1,B12_2,B12_3,B12_4,B12_5,B12_6,B13,B14_1,B14_2,B14_3,B14_4,B14_5,B14_6,B15_1,B15_2,B15_3,B15_4,B16,C1,C2,C3,C4,C5,C6,C7,C8,C9,C10
27501,730,Guangxi,1,1,3,1,4,1,1,1,0,1,1,1,1,1,1,0,2,2,3,3,4,4,5,5,4,4,0,0,3,0,0,4,5,1,1,1,1,1,1,2,10,10,5,4,5,5,4,1,1,1,1,1,0,4,0,0,1,2,2,1,4,5,4,5,9,0,1,Guangxi,0,1,4,11,4,1,2
27502,836,Henan,0,0,8,4,3,1,0,0,0,0,0,0,0,0,1,0,2,3,3,3,3,4,4,5,3,4,0,0,3,1,0,4,3,1,1,0,1,1,1,4,6,8,5,4,5,5,3,1,1,0,0,1,0,3,1,0,1,2,1,1,5,4,3,4,8,0,2,Henan,1,2,5,4,6,1,3
27503,755,Chongqing,1,1,4,3,1,0,0,0,1,1,0,1,0,0,0,0,3,2,3,3,3,4,3,2,3,1,0,0,3,1,0,4,1,0,0,0,0,0,1,5,5,1,2,2,2,5,1,0,1,1,0,0,0,2,1,0,1,2,2,3,2,2,1,2,5,0,1,Chongqing,0,1,5,11,4,4,4
27504,300,Shanghai,0,0,6,1,3,0,0,0,1,0,0,0,0,0,1,0,3,4,4,2,3,4,4,3,2,3,0,0,3,1,0,4,2,1,1,0,1,0,1,5,7,4,4,4,2,5,4,1,0,0,0,1,0,2,2,0,1,2,1,2,2,3,3,3,7,0,1,Shanghai,0,1,5,11,2,4,2
27505,614,Beijing,0,1,3,3,1,0,0,0,1,0,0,1,1,0,0,0,2,1,2,2,2,3,4,4,3,4,0,0,3,0,0,4,2,1,1,1,1,1,1,5,6,9,4,3,4,5,4,1,1,0,0,1,0,3,1,2,3,2,3,1,4,4,3,4,7,0,1,Beijing,0,1,4,7,3,1,4
27506,425,Henan,0,0,8,4,4,0,0,0,1,0,0,0,0,0,0,1,2,3,1,3,2,4,4,4,4,4,0,0,3,0,0,4,2,1,1,0,0,0,1,3,7,3,3,3,4,4,4,1,1,0,0,1,0,2,1,0,1,1,1,2,4,3,4,4,7,0,1,Henan,1,1,5,11,5,4,3
27507,328,Hebei,0,1,6,3,1,0,0,0,1,0,0,0,0,0,0,1,3,4,2,2,4,4,4,5,3,3,0,0,3,1,0,4,3,1,1,1,1,1,1,1,4,6,3,4,2,5,4,1,1,1,1,1,0,3,0,1,2,3,1,0,5,3,4,4,6,0,1,Tianjin,0,2,6,2,7,4,4
27508,459,Henan,0,1,8,4,2,0,0,0,1,0,0,0,0,0,1,0,2,2,3,2,3,4,4,5,3,3,0,0,3,0,0,3,5,0,0,0,1,1,1,3,6,9,4,2,3,4,4,1,0,0,1,0,0,2,2,1,3,2,1,2,2,5,4,1,7,1,2,Henan,1,2,5,4,7,1,1
27509,447,Chongqing,1,0,10,1,4,0,0,0,1,0,0,0,0,0,0,1,2,2,2,2,3,3,4,4,2,4,0,0,3,0,0,4,3,1,1,1,1,1,1,4,5,3,4,4,4,4,4,1,0,0,0,1,0,2,1,0,1,2,1,1,4,4,4,4,7,0,1,Chongqing,0,1,5,11,4,1,4
27510,322,Shandong,0,0,9,4,2,1,0,0,0,0,0,0,0,0,0,1,2,3,2,3,4,4,3,2,3,2,0,0,3,1,0,4,1,1,1,0,0,0,1,1,2,3,2,1,1,4,1,0,1,1,0,0,0,2,0,0,0,1,0,2,3,2,2,4,6,1,2,Shandong,1,2,6,2,6,1,3
27511,432,Shandong,1,1,9,4,2,0,0,0,1,0,0,0,0,0,0,1,2,3,2,1,4,4,4,3,3,2,0,0,3,1,0,4,1,1,1,0,0,0,1,9,8,5,2,2,1,5,1,0,1,1,0,0,0,1,0,0,2,3,2,3,2,1,1,2,3,0,1,Shandong,1,1,6,2,6,2,2
27512,954,Shanghai,1,0,6,4,3,1,1,0,0,0,0,0,1,0,1,0,3,3,2,2,2,4,5,4,3,3,0,0,3,0,0,4,2,1,0,1,0,0,1,6,8,6,4,2,1,5,4,1,0,1,1,0,0,2,3,3,3,3,2,3,5,3,4,4,8,1,1,Shanghai,1,2,6,2,7,2,1
27513,922,Hebei,1,1,3,3,0,0,0,0,1,0,0,1,1,0,0,0,3,3,2,3,4,4,4,4,2,4,1,2,3,1,0,4,2,1,1,0,1,1,1,8,6,4,4,4,3,5,4,1,1,1,0,1,0,2,0,1,2,2,1,1,4,4,4,3,8,1,2,Hebei,1,1,5,4,6,1,3
27514,469,Shandong,0,0,9,1,1,0,0,0,1,0,0,0,0,0,0,1,3,4,3,2,4,4,4,3,4,2,0,0,3,1,0,4,1,1,1,0,0,0,1,7,9,5,2,1,2,4,3,0,1,1,0,1,0,2,1,0,1,3,2,2,2,1,1,3,9,1,2,Shandong,0,1,6,4,5,1,2
27515,629,Shanxi,1,1,8,1,4,1,1,1,0,1,1,1,1,1,1,0,2,2,2,2,4,4,5,5,4,5,0,0,3,1,1,4,3,1,1,1,1,1,1,5,7,9,5,5,5,5,5,1,1,1,1,1,1,5,1,0,1,0,0,0,5,5,5,5,10,1,1,Shanxi,0,1,6,11,5,4,4
27516,382,Zhejiang,1,0,8,1,4,0,0,0,1,0,0,0,0,0,0,1,2,3,2,3,3,4,4,4,3,3,0,0,3,0,0,4,5,1,1,0,0,1,1,3,6,8,4,4,5,5,4,1,0,0,0,1,0,2,0,0,2,2,0,0,4,5,5,2,7,1,1,Zhejiang,0,1,5,11,7,4,4
27517,1068,Guangxi,0,0,5,4,3,1,0,0,0,0,0,0,0,0,0,1,3,2,2,2,4,4,4,4,3,4,0,0,3,0,0,4,3,1,1,1,1,1,1,5,7,5,3,3,3,5,3,1,1,1,1,1,0,2,1,0,2,2,2,1,4,5,5,4,7,0,2,Guangxi,1,2,5,1,6,1,3
27518,928,Fujian,1,1,9,2,0,0,0,0,1,0,0,0,0,0,0,1,3,3,4,2,3,4,5,4,2,4,0,0,3,1,0,4,1,1,0,0,0,1,1,6,9,7,4,4,5,4,4,1,0,0,0,1,0,2,1,1,2,2,1,2,4,5,5,4,8,0,1,Fujian,1,1,5,4,5,2,3
27519,707,Jiangsu,0,0,8,4,3,0,0,0,1,0,0,0,0,0,0,1,2,2,3,2,4,4,4,4,3,4,0,0,3,0,0,4,1,1,1,1,1,1,1,5,3,5,2,4,3,4,4,1,1,1,1,1,1,3,0,0,1,2,1,1,4,4,4,4,7,1,4,Jiangsu,1,2,4,1,6,2,3
27520,783,Zhejiang,1,1,7,1,4,1,1,0,0,0,0,0,1,1,0,0,3,3,3,2,3,4,3,4,3,3,0,0,3,1,0,4,5,1,1,0,1,1,1,5,8,8,4,4,2,5,4,1,1,1,1,1,0,2,0,0,1,2,1,2,4,3,4,3,7,0,1,Zhejiang,0,1,5,11,3,4,3
27521,669,Tianjin,0,1,4,1,2,0,0,0,1,0,0,0,0,0,0,1,3,3,3,3,2,4,4,4,2,3,0,0,3,0,0,4,2,1,1,0,0,1,1,5,9,7,4,4,4,5,4,1,0,0,0,1,0,2,2,0,0,3,1,1,4,4,3,4,7,0,1,Tianjin,0,1,6,11,4,2,3
27522,791,Chongqing,0,0,6,4,3,0,0,0,1,1,0,0,1,0,0,0,3,4,4,1,3,4,4,5,2,4,1,3,3,1,0,4,4,1,1,1,1,1,1,3,6,7,4,4,4,5,4,1,0,1,1,1,0,2,1,2,1,3,2,3,5,4,4,5,8,0,1,Chongqing,1,1,4,4,5,1,4
27523,689,Fujian,1,1,6,4,4,1,1,0,0,0,0,1,1,0,0,0,3,3,2,2,2,4,3,4,3,3,0,0,2,0,0,4,2,1,1,1,1,1,1,1,6,3,4,3,4,4,2,1,1,0,1,1,0,3,0,0,0,0,1,0,4,3,4,2,6,0,3,Fujian,1,2,4,10,5,1,3
27524,533,Hunan,0,0,6,3,3,1,0,0,0,0,0,0,1,0,1,0,3,3,3,2,3,4,4,4,3,4,0,0,2,0,0,4,2,0,1,1,1,1,1,6,8,9,4,4,4,5,4,1,0,0,0,1,0,2,2,1,2,2,1,2,4,4,5,4,7,0,3,Hunan,1,2,6,4,5,1,3
27525,869,Jiangxi,1,1,5,3,1,0,0,0,1,0,0,0,0,0,0,1,2,1,1,3,4,4,4,4,4,4,0,0,3,1,1,4,3,1,1,0,0,1,1,0,0,1,2,3,2,2,2,1,0,0,0,1,0,1,1,0,1,2,2,2,2,3,4,4,9,0,1,Jiangxi,1,1,6,2,3,2,3
27526,632,Henan,0,0,7,3,2,0,0,0,1,0,0,0,0,0,0,1,3,3,3,2,2,4,3,4,3,4,0,0,3,0,0,4,2,1,1,0,0,1,1,6,7,8,4,5,3,4,3,1,0,1,1,1,0,2,1,0,2,3,2,1,1,3,4,4,8,1,1,Henan,1,2,5,4,3,4,2
27527,458,Guangdong,0,0,9,4,3,1,0,0,0,0,0,0,0,0,1,0,3,4,4,2,2,4,5,4,3,5,0,0,3,1,0,4,5,1,1,0,0,1,1,2,1,4,4,1,5,4,5,1,0,0,1,1,0,1,2,2,3,1,1,2,4,4,5,3,8,1,2,Guangdong,1,2,5,4,7,3,1
27528,397,Guangdong,1,0,5,1,3,0,0,0,1,0,0,0,0,0,1,0,3,4,3,2,3,4,3,4,2,3,0,0,3,0,0,4,4,1,1,0,1,1,1,8,4,6,4,2,2,4,3,1,1,1,0,1,0,1,3,2,3,2,3,2,4,3,4,2,8,1,1,Guangdong,0,2,5,5,6,4,3
27529,918,Fujian,1,0,9,3,3,1,1,0,0,0,0,0,0,0,0,1,2,2,3,2,2,3,4,4,2,5,0,0,3,1,0,4,2,1,0,0,1,0,1,3,5,6,4,4,5,4,5,1,0,0,0,1,0,3,1,1,0,2,0,0,4,4,5,5,7,1,2,Fujian,1,2,5,3,6,2,3
27530,379,Hebei,0,1,6,3,3,1,0,0,0,0,0,0,0,0,0,1,2,3,3,2,4,4,4,5,4,4,0,0,3,0,0,4,2,1,1,1,1,1,1,3,4,5,2,4,4,5,4,1,0,0,0,1,0,3,0,1,0,0,2,2,4,4,5,5,5,0,3,Tianjin,1,2,6,2,6,1,1
27531,646,Guangdong,0,0,8,4,4,0,1,0,0,0,0,0,0,0,0,1,2,2,2,3,4,4,4,4,3,4,0,0,3,1,0,4,1,1,0,1,0,1,1,5,5,2,3,4,2,5,5,1,0,0,0,1,0,3,0,0,1,1,1,1,5,5,4,4,10,1,1,Guangdong,1,1,5,4,6,1,3
27532,554,Shanghai,0,0,8,4,3,1,0,0,0,0,0,0,0,0,0,1,2,2,2,3,4,4,3,2,3,2,0,0,3,1,0,4,3,0,0,1,0,1,0,6,9,8,2,2,1,4,3,0,1,0,1,0,0,2,3,2,1,2,1,2,3,2,2,3,5,0,3,Shanghai,1,3,5,5,6,1,4
27533,375,Shaanxi,1,1,8,3,1,0,0,0,1,0,0,1,1,0,0,0,3,4,3,2,4,4,3,4,4,3,0,0,0,0,0,4,1,1,1,0,0,0,1,0,5,5,3,2,1,4,1,1,1,1,1,1,0,1,1,1,2,3,1,3,4,2,3,2,3,0,1,Shaanxi,0,1,6,4,4,2,3
27534,297,Ningxia,1,0,9,1,2,1,1,1,0,1,1,1,1,1,1,0,3,4,3,4,4,4,5,4,4,3,1,1,3,1,1,4,2,1,1,1,1,1,1,9,8,5,2,4,4,5,4,1,1,1,1,1,0,2,2,3,3,2,3,3,4,3,4,5,10,0,1,Ningxia,0,1,5,11,4,4,4
27535,849,Anhui,0,1,8,4,4,1,1,0,0,0,0,0,1,0,1,0,3,4,3,3,4,4,4,5,3,4,0,0,3,1,0,4,1,1,0,1,1,1,1,6,7,9,4,5,4,4,5,1,0,0,0,1,0,5,1,2,3,2,0,2,4,5,4,5,10,0,3,Anhui,1,2,5,1,7,1,2
27536,386,Shaanxi,0,0,6,1,3,0,0,0,1,0,0,0,0,0,0,1,2,1,2,2,3,4,5,4,4,4,0,0,3,0,0,4,5,1,1,1,1,1,1,7,10,7,4,4,4,5,4,1,1,0,1,1,0,3,1,0,2,3,1,1,4,4,3,3,8,0,1,Shaanxi,0,1,5,11,3,4,4
27537,449,Ningxia,1,0,8,4,2,1,0,0,0,0,0,0,0,0,0,1,2,2,3,2,3,4,5,5,4,4,0,0,3,1,1,4,5,1,1,1,1,1,1,7,8,9,5,4,5,5,5,1,0,0,0,1,0,3,1,1,0,2,1,2,5,5,4,5,9,1,2,Ningxia,1,2,5,1,6,1,3
27538,698,Shandong,1,0,10,3,2,1,0,0,0,0,0,1,1,0,0,0,2,2,3,3,4,4,5,5,2,4,0,0,2,0,0,4,3,1,1,1,1,1,1,5,8,2,5,5,5,4,2,1,0,0,1,1,0,2,2,1,3,3,0,1,4,5,4,5,9,1,4,Shandong,1,2,5,1,4,2,2
27539,584,Henan,0,0,7,2,3,0,0,0,1,0,0,0,0,0,0,1,3,2,3,2,2,4,4,4,4,4,0,0,2,1,0,3,3,1,1,0,0,0,1,5,6,6,3,4,4,5,4,1,0,0,0,1,0,3,0,1,1,1,0,0,4,4,4,4,5,0,1,Henan,1,1,5,11,5,4,4
27540,517,Guangxi,0,0,9,4,4,1,0,0,0,0,0,1,1,0,0,0,2,3,2,3,4,4,5,5,2,4,0,0,3,0,0,4,3,1,1,1,1,0,1,1,3,6,5,5,4,5,4,1,0,0,1,1,0,2,0,0,2,1,1,0,5,4,4,5,10,0,2,Guangxi,1,2,6,4,7,1,1
27541,517,Guangxi,0,1,8,4,4,1,0,0,0,0,0,1,1,0,0,0,2,2,3,3,4,4,5,5,2,4,0,0,3,0,0,4,3,1,1,1,1,0,1,1,4,7,5,5,5,4,4,1,0,0,1,1,0,2,0,0,2,1,1,0,5,5,4,4,10,0,2,Guangxi,1,2,6,1,7,2,1
27542,321,Hubei,1,1,1,1,3,0,0,0,1,0,0,1,1,0,0,0,3,3,4,4,4,4,3,4,2,3,0,0,3,0,0,1,3,1,1,0,1,0,1,5,7,10,4,2,4,5,2,1,1,1,1,1,0,1,1,2,2,3,1,0,3,4,4,5,7,0,1,Hubei,0,1,5,11,3,4,3
27543,892,Hunan,0,1,6,4,2,1,0,0,0,0,1,0,1,0,0,0,3,3,3,2,4,4,4,5,3,4,0,0,3,1,0,4,2,1,1,1,0,1,1,3,8,10,4,4,5,5,5,1,0,0,0,1,0,4,0,0,1,2,0,1,5,5,5,4,10,1,1,Hunan,1,1,5,4,6,2,4
27544,1433,Guizhou,1,0,9,2,2,0,1,0,0,0,0,1,1,0,0,0,2,3,2,2,4,4,5,4,3,4,0,0,3,0,0,4,2,1,1,1,1,1,1,6,7,6,5,4,4,5,4,1,0,0,0,1,0,5,0,1,2,2,0,1,5,5,4,5,8,0,3,Guizhou,0,2,4,1,5,1,3
27545,465,Hunan,0,1,9,1,2,0,0,0,1,0,0,0,1,0,0,1,3,3,2,2,4,4,4,4,3,3,0,0,3,1,0,4,2,1,1,0,0,1,1,5,7,8,4,4,3,5,4,1,1,1,0,1,0,2,1,1,2,2,2,2,2,2,2,3,8,0,1,Hunan,0,1,5,4,4,3,3
27546,718,Hubei,0,1,8,4,4,1,0,0,0,0,0,0,1,0,0,0,1,2,1,3,2,4,4,5,5,4,0,0,3,1,1,4,6,1,1,1,1,1,1,8,9,9,4,5,5,5,5,1,0,0,0,1,0,3,0,0,1,0,0,0,5,5,5,4,9,0,2,Hubei,1,2,5,4,6,1,1
27547,228,Jiangsu,0,1,9,4,3,1,1,0,0,0,0,1,1,0,0,0,2,1,2,2,3,4,5,4,3,4,0,0,3,1,0,4,5,1,1,1,1,1,1,3,5,8,4,4,4,5,5,1,0,0,0,1,0,2,1,0,0,2,0,1,4,5,5,5,9,0,1,Jiangsu,0,1,5,11,2,4,3
27548,354,Shanxi,0,0,8,4,3,0,1,0,0,0,0,0,1,0,0,0,3,3,4,2,4,4,4,5,3,4,0,0,3,0,0,4,1,1,0,1,0,1,1,5,8,4,2,4,5,5,4,1,0,0,1,1,0,2,1,0,2,2,1,2,4,5,4,4,7,1,2,Shanxi,1,2,5,4,4,1,2
27549,901,Hebei,1,0,5,4,4,1,1,0,0,0,0,0,1,0,1,0,3,3,3,2,4,4,3,2,3,2,0,0,3,1,1,4,2,0,1,0,0,0,1,10,9,1,1,2,1,4,1,0,1,1,0,0,0,1,0,0,0,3,3,3,3,1,2,3,8,1,2,Hebei,1,2,4,2,6,1,2
27550,764,Jiangsu,1,0,9,4,4,0,1,0,0,0,0,0,1,0,0,0,2,1,2,3,4,4,4,5,2,4,0,0,2,0,0,4,3,1,0,1,1,1,1,1,3,5,4,4,5,4,5,1,0,0,0,1,0,4,0,0,0,1,0,0,5,4,5,5,10,1,3,Jiangsu,1,2,3,4,6,1,4
27551,711,Hunan,0,0,6,1,4,0,0,0,1,0,0,0,0,0,0,1,2,2,3,3,3,4,4,4,3,4,0,0,3,0,0,1,3,1,0,1,1,1,1,6,5,3,4,5,4,4,4,1,1,0,1,1,0,4,1,0,1,2,1,1,4,4,5,5,7,0,1,Hunan,0,1,5,11,3,4,2
27552,645,Hubei,1,0,6,1,4,0,0,0,1,0,1,0,1,0,0,0,3,4,3,2,4,4,2,2,3,3,0,0,2,1,0,4,1,1,1,0,0,0,1,7,5,3,2,2,1,4,2,0,1,1,1,0,0,1,1,1,0,2,2,3,2,1,1,3,5,0,1,Hubei,1,1,5,11,5,1,2
27553,754,Guangdong,1,1,9,4,4,1,1,0,0,1,0,0,1,1,1,0,3,4,3,3,4,4,4,5,3,4,1,3,3,1,0,2,4,1,1,1,1,1,1,6,7,10,4,5,4,5,4,1,0,1,1,1,0,4,1,0,2,3,2,1,5,4,5,3,7,0,2,Guangdong,1,2,4,4,4,4,4
27554,453,Hunan,0,0,9,4,2,1,0,0,0,0,0,0,0,0,0,1,3,3,3,2,4,3,4,4,3,4,0,0,3,1,1,3,2,1,1,1,0,1,1,3,4,6,4,4,4,5,5,1,0,0,0,1,0,2,0,0,1,1,1,1,4,4,4,3,6,0,5,Hunan,1,2,5,4,6,1,1
27555,512,Guangdong,0,1,8,1,3,0,0,0,1,0,0,0,0,0,0,1,2,3,3,3,3,4,4,3,3,4,0,0,3,0,0,4,1,1,1,0,0,1,1,2,6,6,4,4,4,5,4,1,1,1,1,1,0,4,1,0,2,1,0,2,4,4,4,5,9,1,1,Guangdong,0,1,5,11,5,4,4
27556,330,Tianjin,0,0,8,1,1,0,0,0,1,0,0,0,0,0,0,1,2,2,2,3,4,4,4,4,3,4,0,0,3,1,0,4,3,1,1,0,0,1,1,7,6,8,4,4,5,5,4,1,1,0,0,1,0,2,1,0,1,3,1,1,4,4,4,5,5,0,1,Tianjin,1,1,5,11,3,4,3
27557,1053,Sichuan,1,1,8,3,2,1,0,0,0,0,0,1,0,0,0,0,3,3,2,2,4,4,4,4,2,4,0,0,3,0,0,4,2,1,1,0,0,0,1,9,9,9,2,2,2,3,3,0,1,0,0,0,0,2,0,0,3,3,2,1,4,2,2,3,6,0,3,Sichuan,1,2,4,4,6,1,1
27558,312,Hebei,1,1,6,4,0,0,0,0,1,0,0,0,0,0,0,1,3,3,2,2,4,4,4,4,3,3,0,0,3,1,0,4,4,0,1,0,0,1,1,7,6,3,3,2,4,4,4,1,1,1,0,1,0,2,1,0,1,2,2,1,3,3,4,3,8,0,1,Hebei,1,1,5,3,7,1,2
27559,451,Hebei,0,0,6,3,2,1,0,0,0,0,0,0,0,0,0,1,3,3,3,2,4,4,4,3,4,3,0,0,3,0,0,4,1,1,1,0,0,0,1,8,7,3,2,3,1,1,2,0,1,0,0,0,0,1,1,1,2,2,2,3,2,2,1,3,2,1,3,Beijing,0,2,6,4,7,1,2
27560,564,Beijing,0,0,8,3,2,0,0,0,1,0,0,0,0,0,0,1,2,3,2,2,2,4,4,5,2,4,0,0,3,1,0,4,1,1,1,0,0,1,1,8,7,2,4,4,2,2,4,1,1,0,0,1,0,4,1,0,1,2,1,2,2,4,4,3,9,0,3,Beijing,1,3,5,2,6,2,3
27561,470,Shandong,1,1,9,4,4,0,1,0,0,0,0,0,1,1,0,0,3,3,3,2,4,4,5,5,2,3,0,0,2,0,0,4,2,1,1,0,0,0,1,6,8,9,5,4,3,5,5,1,0,0,0,1,0,2,0,0,1,2,1,0,5,5,4,3,8,0,2,Shandong,0,2,6,3,5,1,3
27562,491,Henan,0,0,9,4,2,0,0,0,1,0,0,1,1,0,0,0,2,3,2,2,2,4,4,4,2,4,0,0,3,1,1,4,1,1,1,0,1,1,1,6,5,1,1,5,5,5,5,1,0,0,0,1,0,4,1,0,2,0,1,1,4,4,5,5,9,0,1,Henan,1,2,5,2,2,4,2
27563,496,Chongqing,1,1,3,4,3,1,0,0,0,1,0,0,0,0,1,0,4,4,4,2,4,4,4,4,3,4,0,0,3,1,0,4,1,1,1,0,0,1,1,9,9,10,4,3,4,5,4,1,1,1,1,1,0,2,3,1,3,3,3,3,4,4,3,2,8,1,1,Chongqing,0,2,5,4,6,4,2
27564,726,Chongqing,0,0,8,3,1,0,0,0,1,1,0,0,0,0,0,0,3,3,4,3,4,4,4,5,3,2,0,0,3,1,0,4,4,1,0,1,1,1,1,5,6,4,4,4,3,5,4,1,1,1,1,1,0,2,2,0,3,1,1,3,4,4,5,3,8,0,1,Chongqing,1,1,5,4,6,4,3
27565,1140,Shanxi,1,1,9,3,3,1,0,0,0,0,0,0,0,0,0,1,1,2,2,4,4,4,4,4,3,4,0,0,3,0,0,1,1,1,1,0,0,1,1,1,1,2,4,4,5,4,4,1,0,0,1,1,0,3,0,0,1,2,0,1,4,4,5,4,8,0,4,Shanxi,1,2,3,4,4,1,1
27566,809,Hebei,0,0,9,3,2,1,1,1,0,1,1,1,1,1,1,0,3,3,3,2,4,4,4,4,2,4,0,0,3,1,1,4,1,1,1,1,1,1,1,4,3,3,4,1,5,5,4,1,1,1,1,1,0,3,1,1,1,2,1,1,4,4,4,4,7,0,4,Hebei,1,2,5,2,4,2,3
27567,828,Xinjiang,1,0,9,4,4,1,0,0,0,0,0,1,1,0,0,0,2,3,3,2,3,4,4,4,3,3,0,0,3,0,1,4,2,1,1,0,1,1,0,9,6,8,4,4,4,5,4,1,1,1,1,1,0,2,3,3,3,3,3,3,4,4,4,3,9,0,1,Xinjiang,1,1,5,11,3,4,4
27568,531,Jiangsu,0,0,8,4,2,0,0,0,1,0,0,0,0,0,0,1,3,2,3,3,4,4,4,4,3,3,0,0,3,0,0,4,3,1,1,0,1,0,1,0,8,5,4,3,2,5,2,1,0,0,1,1,0,2,1,1,1,3,2,2,4,1,4,3,8,0,1,Jiangsu,1,1,5,11,2,4,3
27569,626,Guangdong,1,0,8,4,3,1,0,0,0,0,0,0,0,0,0,1,2,2,2,2,4,4,4,5,4,4,0,0,2,1,0,3,3,1,1,1,0,1,0,3,6,9,4,4,4,5,4,1,0,0,0,1,0,2,1,0,1,2,1,1,5,4,5,4,9,1,3,Guangdong,1,2,5,4,5,1,3
27570,377,Zhejiang,1,0,5,4,1,0,0,0,1,0,0,0,0,0,0,1,3,3,4,3,4,4,4,4,2,4,0,0,3,1,0,4,2,1,1,0,0,1,1,3,5,8,4,4,2,4,4,0,1,0,1,1,0,4,0,0,0,2,1,1,4,3,4,2,7,0,1,Zhejiang,1,1,6,3,7,2,3
27571,526,Yunnan,0,1,9,4,3,1,0,0,0,0,0,0,1,0,1,0,3,2,3,3,3,4,5,4,3,4,0,0,3,0,0,2,2,1,0,0,1,1,1,3,6,8,4,4,5,4,4,1,0,1,0,1,0,2,2,1,3,2,1,1,4,4,5,4,8,0,1,Yunnan,1,1,5,11,2,4,3
27572,531,Shandong,1,1,6,4,3,0,1,0,0,0,0,1,1,0,0,0,3,3,2,3,4,4,5,5,3,5,0,0,3,1,0,4,3,1,1,0,1,1,1,5,3,7,4,5,5,4,5,1,0,0,1,1,0,3,1,0,1,2,0,0,5,5,5,4,9,1,3,Shandong,1,1,5,4,6,2,4
27573,529,Shaanxi,1,0,3,4,3,0,1,0,0,1,0,0,1,0,0,0,3,2,2,2,3,3,4,4,4,3,0,0,3,1,0,4,2,1,1,1,1,1,1,7,7,6,4,4,2,5,3,1,0,1,0,1,0,2,0,0,0,1,1,2,4,3,4,5,7,0,4,Shaanxi,0,2,6,2,7,2,3
27574,331,Guangdong,0,1,8,4,4,1,1,0,0,0,0,0,0,0,0,1,3,2,2,2,2,3,4,5,3,4,0,0,3,0,0,4,3,1,1,1,1,1,1,2,5,7,4,4,3,5,4,1,1,1,0,1,0,2,0,1,0,2,1,0,5,4,4,3,7,0,1,Guangdong,1,1,5,11,6,4,3
27575,523,Guangxi,0,0,8,4,4,1,0,0,0,0,0,0,0,0,0,1,2,2,3,3,4,4,5,5,2,4,0,0,3,0,0,4,3,1,1,0,1,0,1,1,2,6,5,5,4,5,4,1,0,0,1,1,0,2,0,0,2,1,1,0,5,5,4,4,10,0,2,Guangxi,1,2,6,4,7,1,1
27576,521,Guangxi,1,1,8,4,4,1,0,0,0,0,0,0,0,0,0,1,2,2,2,3,4,4,5,5,2,4,0,0,3,0,0,4,3,1,1,0,1,0,1,1,2,6,5,5,4,5,4,1,0,0,1,1,0,2,0,0,2,1,2,0,5,5,5,4,10,1,2,Guangxi,1,2,6,1,7,2,1
27577,519,Guangxi,0,0,9,4,4,1,0,0,0,0,0,0,0,0,0,1,2,3,3,3,4,4,5,5,2,4,0,0,3,0,0,4,3,1,1,0,1,0,1,1,2,6,5,5,4,5,4,1,0,0,1,1,0,2,0,0,2,1,1,0,5,4,4,4,10,0,2,Guangxi,1,2,6,1,7,2,1
27578,1105,Jiangsu,1,1,5,4,4,1,1,1,0,1,1,1,1,0,0,0,4,2,3,2,4,4,4,3,2,4,1,3,3,1,0,1,6,1,1,1,1,1,1,1,5,9,4,5,5,4,3,1,1,1,0,1,0,4,2,3,1,3,2,2,4,5,5,4,8,0,1,Hebei,1,1,6,11,5,2,4
27579,522,Guangxi,1,1,9,4,4,1,0,0,0,0,0,0,0,0,0,1,2,3,2,3,4,4,5,5,2,4,0,0,3,0,0,4,3,1,1,0,1,0,1,1,3,6,5,5,4,5,4,1,0,0,1,1,0,2,0,0,2,1,2,0,5,4,5,4,10,0,2,Guangxi,1,2,6,4,7,1,1
27580,401,Guangdong,1,1,6,2,0,0,0,0,1,0,0,0,0,0,0,1,3,2,2,2,2,4,3,2,4,2,0,0,3,0,0,4,2,0,0,0,1,0,1,8,10,1,1,1,2,5,2,0,1,1,1,0,0,2,1,1,2,2,3,3,2,1,1,3,1,0,1,Guangdong,0,1,5,4,4,4,4
27581,431,Yunnan,0,0,9,4,0,0,0,0,1,0,0,0,0,0,1,0,4,3,3,3,4,4,4,3,3,3,0,0,3,1,0,4,2,0,1,0,0,0,0,5,3,4,2,2,1,5,2,0,1,1,0,0,1,2,0,0,0,2,2,1,3,2,2,2,5,0,1,Yunnan,1,1,5,11,5,4,3
27582,294,Hubei,0,0,6,1,4,0,0,0,1,0,0,0,0,0,0,1,3,3,3,3,2,4,5,4,3,2,0,0,3,0,0,4,3,1,1,0,0,0,1,8,3,1,3,1,2,5,3,1,0,0,0,1,0,1,1,0,0,3,1,3,5,4,4,5,8,1,1,Hubei,0,1,5,11,6,1,3
27583,837,Fujian,0,0,8,3,2,0,0,0,1,0,0,0,0,0,0,1,2,3,2,2,4,4,4,4,3,4,0,0,1,0,0,4,2,0,1,0,0,0,1,3,7,9,4,4,5,5,4,1,0,0,1,0,0,4,0,0,2,1,0,0,4,4,5,5,8,1,2,Fujian,1,2,5,4,6,1,1
27584,805,Guangxi,1,1,6,1,1,0,0,0,1,0,0,1,1,0,0,0,2,3,2,3,3,4,4,5,3,4,0,0,3,0,0,4,4,1,0,1,1,1,1,5,8,9,4,4,5,4,4,1,0,1,1,1,0,2,1,0,1,3,0,1,5,5,4,3,8,0,1,Guangxi,0,1,5,2,5,4,3
27585,846,Fujian,1,0,9,3,0,0,0,0,1,0,0,0,0,0,0,1,3,3,4,2,3,4,4,5,2,4,0,0,3,0,0,4,2,1,1,1,0,1,1,4,6,9,5,5,4,5,5,1,0,0,0,1,0,3,1,0,2,2,1,1,5,4,5,5,4,1,2,Fujian,1,1,5,4,6,1,3
27586,738,Jiangsu,1,1,6,4,3,0,1,0,0,0,0,0,0,0,0,1,2,3,3,3,2,4,4,5,2,3,0,0,2,0,0,4,3,1,1,1,0,0,1,3,5,8,5,4,4,5,3,1,1,0,1,1,0,3,1,0,0,2,0,2,4,5,5,4,10,0,1,Jiangsu,1,1,5,4,7,1,4
27587,851,Hubei,1,1,9,1,4,0,0,0,1,1,1,1,1,1,1,0,4,4,3,2,4,4,4,3,2,2,0,0,3,1,0,4,5,1,1,1,1,1,1,9,7,5,3,2,3,4,4,1,1,1,1,1,0,1,2,1,2,3,2,3,4,3,2,4,5,0,1,Hubei,0,1,5,2,3,3,3
27588,446,Hunan,1,0,8,4,3,1,0,0,0,0,0,0,0,0,0,1,2,2,2,3,3,3,4,4,2,4,0,0,3,1,0,4,2,1,1,1,0,0,1,2,6,8,4,4,4,4,5,1,0,1,1,1,0,3,1,1,0,2,1,1,4,5,5,5,9,1,2,Henan,1,2,5,2,6,3,2
27589,755,Beijing,1,1,8,3,3,1,0,0,0,0,0,0,0,0,0,1,2,2,3,3,4,4,4,5,3,4,0,0,3,1,0,4,2,1,1,0,1,0,1,5,4,4,4,4,3,4,2,1,1,0,1,1,0,2,0,0,1,3,1,2,4,4,4,5,8,0,2,Beijing,0,2,5,4,6,1,1
27590,890,Henan,0,1,6,1,3,0,0,0,1,0,0,0,0,0,0,1,2,2,2,3,2,3,4,5,4,4,0,0,3,0,0,4,1,0,1,0,0,0,1,1,1,1,2,4,1,4,2,0,1,1,1,0,0,3,0,0,0,1,0,0,4,2,1,2,9,0,2,Henan,0,1,6,11,6,4,3
27591,631,Fujian,0,1,9,4,4,1,0,0,0,0,0,0,1,0,1,0,2,3,1,3,4,3,5,4,3,5,0,0,3,0,0,4,6,1,0,1,1,1,1,3,7,9,4,4,5,3,5,1,0,0,0,1,0,4,2,0,1,0,2,1,5,4,5,4,6,0,2,Jiangsu,1,2,5,1,7,1,1
27592,458,Guangdong,0,1,9,4,4,1,0,0,0,0,0,0,0,0,1,0,2,2,2,3,3,4,5,4,3,4,0,0,2,0,0,4,3,1,1,1,1,1,1,5,8,9,4,5,4,5,5,1,0,1,1,1,0,3,0,0,1,2,0,0,5,5,4,4,9,0,2,Guangdong,1,2,5,4,6,4,4
27593,1093,Jiangxi,0,1,3,3,2,0,0,0,1,0,0,0,0,0,0,1,3,3,4,2,2,4,4,4,2,3,0,0,3,0,0,1,3,1,1,1,1,1,1,5,3,2,4,5,5,4,4,1,0,1,1,1,0,2,0,1,2,2,2,2,4,5,4,3,8,0,2,Guangdong,0,2,6,1,5,4,4
27594,898,Henan,1,0,9,3,2,0,0,0,1,0,0,0,1,0,0,0,2,3,3,3,3,4,4,5,4,4,0,0,3,1,0,4,2,1,1,1,1,1,1,1,3,4,5,5,5,4,4,1,0,0,0,1,0,3,2,1,3,3,1,2,5,4,4,5,8,0,2,Henan,0,1,5,7,6,1,3
27595,349,Guangdong,0,0,9,2,2,1,0,0,0,0,0,1,1,0,1,0,3,3,2,3,3,4,4,5,4,5,1,2,3,1,0,4,2,1,1,1,1,1,1,5,1,5,4,3,4,5,4,1,0,1,0,1,0,2,2,2,3,3,2,2,5,4,4,3,7,0,1,Guangdong,0,1,5,4,6,2,3
27596,510,Shandong,0,0,6,4,3,0,1,1,0,0,0,1,1,0,0,0,3,3,4,2,2,3,4,5,3,4,0,0,3,1,0,4,3,1,0,1,1,1,1,8,8,7,4,4,5,4,4,1,0,0,1,1,0,2,2,0,2,3,2,2,5,4,4,4,8,0,1,Shandong,1,1,5,2,6,4,3
27597,626,Liaoning,0,1,8,3,2,1,0,0,0,0,0,0,1,0,0,0,2,3,2,2,4,4,4,4,3,4,0,0,3,1,0,4,3,1,1,1,1,1,1,4,6,5,2,5,3,4,4,1,0,1,1,1,0,2,2,0,1,2,0,1,4,4,5,4,10,0,2,Liaoning,1,2,5,4,3,1,3
27598,448,Guangdong,1,1,6,4,3,0,0,0,1,0,0,0,0,0,0,1,3,3,3,2,2,4,5,4,3,4,0,0,3,0,0,4,5,1,1,1,1,1,1,1,6,5,4,4,4,5,4,1,1,1,1,1,0,2,1,0,1,1,2,2,4,4,4,4,6,0,1,Guangdong,0,1,4,4,6,1,4
27599,1550,Fujian,0,1,8,4,4,1,1,0,0,0,0,1,1,0,0,0,3,4,3,3,4,4,4,5,4,5,1,2,3,1,1,2,1,1,1,1,1,1,1,10,10,10,4,4,4,5,4,1,0,1,1,1,0,1,3,2,3,3,2,2,4,5,5,5,10,1,3,Fujian,1,2,3,4,6,2,3
27600,574,Anhui,0,1,9,4,2,1,0,0,0,0,0,0,1,1,1,0,2,2,3,3,3,4,4,4,2,3,0,0,3,1,0,4,2,1,1,1,1,1,1,1,3,6,4,2,5,4,4,1,0,0,1,1,0,2,1,0,1,2,0,0,4,5,5,4,8,0,4,Anhui,0,2,7,5,7,2,3
27601,425,Guangdong,0,0,7,3,2,0,0,0,1,1,0,0,0,0,1,0,4,2,3,2,2,4,5,4,2,3,0,0,2,0,0,4,3,1,1,1,1,1,1,10,9,5,5,4,2,5,3,1,1,1,1,1,0,1,2,1,3,3,2,1,3,5,5,5,3,0,1,Guangdong,1,1,5,4,5,4,4
27602,937,Guangdong,1,1,6,4,4,1,1,0,0,0,0,0,0,0,0,1,2,2,1,3,4,4,4,4,1,4,0,0,3,0,0,1,5,1,1,1,1,1,1,3,7,9,5,4,5,4,4,1,0,0,1,1,0,3,0,0,0,1,0,0,4,5,4,4,8,0,2,Guangdong,0,2,5,1,6,1,2
27603,933,Guangdong,0,0,6,4,4,1,1,0,0,0,0,0,0,0,0,1,2,2,1,3,4,4,4,4,2,4,0,0,3,0,0,1,5,1,1,1,1,1,1,4,8,9,5,4,5,4,4,1,0,0,0,1,0,3,1,0,0,1,0,0,4,5,4,4,8,0,2,Guangdong,0,2,5,1,6,1,2
27604,913,Guangdong,0,0,6,4,4,1,1,0,0,0,0,0,0,0,0,1,2,2,1,3,4,4,4,4,1,4,0,0,3,0,0,1,5,1,1,1,1,1,1,3,7,9,5,4,5,4,4,1,1,0,0,1,0,3,0,0,0,1,0,0,4,5,4,4,8,0,2,Guangdong,1,2,5,1,6,1,3
27605,905,Guangdong,1,1,6,4,4,1,1,0,0,0,0,0,0,0,0,1,2,2,1,3,4,4,4,4,1,4,0,0,3,0,0,1,5,1,1,1,1,1,1,3,8,9,5,4,5,4,4,1,0,0,1,1,0,3,0,0,0,1,0,0,4,5,4,4,8,0,2,Guangdong,1,2,5,1,6,1,3
27606,443,Guangdong,1,0,8,1,4,0,0,0,1,0,0,0,0,0,1,0,2,2,3,2,4,4,4,5,2,4,0,0,3,1,0,4,4,1,0,1,0,1,1,2,4,8,4,4,5,5,4,1,0,0,1,1,0,2,1,1,0,2,1,2,4,5,4,2,8,1,1,Guangdong,1,1,5,11,6,1,3
27607,439,Jiangsu,0,0,4,1,4,1,1,1,0,1,1,1,1,1,1,0,4,4,3,2,4,4,5,3,2,2,0,0,3,1,0,4,1,1,1,1,1,1,1,1,2,1,2,3,3,4,4,1,1,1,1,1,0,1,1,1,2,3,3,3,4,2,2,2,6,0,1,Jiangsu,1,1,5,11,6,4,4
27608,610,Shaanxi,1,0,6,1,3,0,0,0,1,0,0,0,0,0,0,1,2,3,3,2,3,4,4,4,3,3,0,0,3,1,0,4,5,1,1,0,0,0,1,7,9,8,4,3,4,5,4,1,0,0,0,1,0,2,1,1,2,3,1,2,4,3,4,4,6,0,1,Shaanxi,0,1,6,11,5,2,3
27609,774,Guangdong,1,0,8,2,2,0,0,0,1,0,0,0,0,0,0,1,3,3,3,2,3,4,5,5,4,5,0,0,3,0,0,4,2,1,1,1,1,1,1,5,2,1,5,4,5,5,4,1,0,0,1,1,0,3,1,0,2,2,0,1,5,4,5,4,10,1,2,Guangdong,0,1,5,4,6,1,3
27610,769,Guangdong,0,1,9,2,2,1,0,0,0,0,0,0,0,1,0,0,4,3,3,3,3,4,4,4,3,4,0,0,3,0,0,4,1,1,1,1,1,1,1,3,4,3,4,4,5,5,4,1,0,1,1,1,0,2,2,1,2,2,1,1,4,5,5,4,8,0,1,Guangdong,0,2,4,4,4,1,3
27611,692,Shandong,1,0,6,4,3,1,1,0,0,0,0,0,1,0,0,0,3,3,2,2,4,4,5,4,2,3,0,0,3,1,0,4,1,1,1,1,1,1,1,5,4,7,4,4,5,5,4,1,0,0,1,1,0,2,2,0,1,2,1,3,5,5,4,4,7,1,2,Shandong,1,2,5,4,6,1,3
27612,745,Henan,1,0,6,4,3,0,1,0,0,0,0,0,0,0,0,1,3,2,3,2,3,4,5,5,3,4,0,0,3,1,0,4,3,1,1,1,1,1,1,4,5,6,4,4,4,5,4,1,0,1,0,1,0,1,1,2,3,2,2,1,5,4,4,4,9,0,4,Henan,0,2,4,2,6,1,3
27613,458,Shandong,1,1,1,4,1,0,0,0,1,0,0,1,1,0,0,0,3,3,3,2,4,3,4,4,3,3,0,0,3,0,0,4,4,1,1,0,0,1,1,5,7,9,4,4,4,5,4,1,1,1,0,1,0,2,0,1,3,2,1,1,4,4,5,3,7,0,1,Shandong,1,1,6,11,5,4,3
27614,896,Hunan,1,0,9,4,3,1,0,0,0,0,0,0,0,0,0,1,3,2,3,2,4,4,4,4,2,3,0,0,3,0,0,4,2,1,1,1,1,1,1,4,5,6,4,4,4,5,4,1,1,0,0,1,0,2,2,1,2,3,0,1,4,5,4,5,6,1,2,Hunan,1,2,5,1,6,1,1
27615,589,Shaanxi,1,1,7,4,4,1,0,0,0,0,0,0,0,0,0,1,2,2,2,3,2,4,4,4,3,4,0,0,3,1,1,4,4,1,1,0,0,0,1,6,5,9,4,4,5,4,4,1,0,1,1,1,0,2,2,1,2,2,1,1,4,4,5,4,8,1,2,Shaanxi,1,2,6,1,5,1,1
27616,746,Henan,0,1,9,4,3,1,1,0,0,0,0,1,1,0,1,0,2,2,2,3,3,3,4,4,3,5,0,0,3,0,0,4,3,1,0,1,1,1,1,5,8,9,4,4,4,5,4,1,0,0,0,1,0,2,1,0,2,2,1,1,4,5,4,5,9,0,2,Henan,1,2,5,3,3,2,1
27617,629,Henan,1,1,6,4,3,1,1,0,0,0,0,0,0,0,0,1,1,3,4,1,2,4,4,3,3,2,0,0,3,0,0,4,4,1,1,1,1,1,1,10,8,6,2,1,2,5,4,1,1,1,1,1,0,1,2,1,3,1,2,3,4,3,4,2,8,0,2,Henan,1,2,4,4,5,1,4
27618,523,Jiangsu,0,1,7,1,3,0,0,0,1,0,0,0,0,0,0,1,2,3,3,2,4,4,4,4,3,3,0,0,3,1,0,4,2,1,1,0,0,0,1,5,8,2,2,4,3,5,3,0,1,1,1,1,0,2,1,0,2,2,2,2,4,2,4,3,9,1,1,Jiangsu,0,1,5,4,7,1,4
27619,630,Hebei,1,1,7,3,3,0,0,0,1,0,0,0,1,0,0,0,2,4,3,2,4,4,5,5,3,4,0,0,3,1,0,4,2,0,1,0,0,0,1,10,8,2,4,3,2,5,3,1,1,1,1,1,0,2,1,0,3,2,2,1,2,1,2,3,6,0,3,Hebei,1,2,4,4,4,1,3
27620,435,Henan,0,1,9,4,4,0,0,0,1,0,0,0,0,0,0,1,3,3,3,2,3,4,5,4,3,4,0,0,3,1,0,4,2,1,0,1,1,1,1,2,4,7,4,4,3,5,4,1,0,0,0,1,0,2,2,1,0,3,1,1,4,4,4,4,8,0,1,Henan,0,1,5,11,6,4,3
27621,624,Xinjiang,0,1,6,3,3,0,0,1,0,0,0,1,0,0,0,0,3,3,4,3,4,4,4,4,3,3,0,0,3,1,0,4,4,1,1,0,0,0,1,4,6,2,2,2,2,4,3,0,1,1,0,0,0,2,2,2,1,3,0,2,2,2,1,3,6,0,1,Xinjiang,0,1,5,1,4,4,3
27622,755,Fujian,1,0,6,4,3,1,0,0,0,0,0,0,1,0,0,0,2,2,2,3,2,4,4,4,3,4,0,0,3,0,0,4,3,0,1,0,0,1,1,2,6,8,4,4,4,4,4,1,0,0,0,1,0,3,1,1,0,2,1,1,5,4,4,4,8,0,2,Fujian,1,2,5,4,6,1,2
27623,979,Jiangsu,0,1,9,3,3,1,0,0,0,0,0,1,0,0,0,0,3,2,3,4,4,4,5,4,4,5,0,0,3,1,1,2,6,1,0,1,1,1,1,8,10,10,4,4,5,5,4,1,0,0,0,1,0,5,0,0,0,1,0,0,4,5,5,5,9,0,2,Jiangsu,1,2,2,5,6,1,4
27624,585,Henan,1,0,6,4,4,1,1,0,0,0,0,0,0,0,0,1,2,3,2,2,2,4,4,3,4,3,0,0,3,0,0,4,5,1,1,0,0,1,1,9,6,4,5,5,5,4,4,1,0,0,0,1,0,3,1,0,3,1,0,1,4,3,5,4,6,1,3,Henan,1,2,4,4,6,1,1
27625,799,Anhui,0,0,9,4,4,1,1,0,0,0,0,0,0,0,0,1,2,3,3,1,2,4,4,4,2,3,0,0,3,1,0,4,2,1,1,0,0,0,1,2,7,6,4,4,3,4,2,1,0,0,1,1,0,3,1,1,2,1,2,2,4,4,4,5,7,0,2,Anhui,1,2,6,4,6,2,2
27626,518,Hubei,0,1,4,1,4,0,0,0,1,0,0,1,0,0,0,0,2,2,3,2,3,4,4,4,3,3,0,0,3,0,0,4,6,1,1,1,0,1,1,8,7,8,4,4,3,5,3,1,0,0,0,1,0,1,1,0,3,3,1,2,4,4,4,3,7,0,1,Hubei,0,1,6,11,3,4,4
27627,855,Liaoning,0,0,8,3,2,1,0,0,0,0,0,0,1,0,0,0,3,2,2,4,4,4,4,5,3,4,0,0,3,1,0,1,1,1,1,1,1,1,1,3,5,2,2,4,4,5,4,1,0,0,0,1,0,3,2,1,2,2,3,2,5,4,5,4,8,0,3,Liaoning,1,2,5,2,5,1,3
27628,576,Guangdong,1,0,6,4,3,0,0,0,1,0,0,0,1,0,0,0,3,3,2,2,3,4,4,5,2,4,0,0,3,0,0,4,4,1,1,1,1,1,1,1,6,10,4,4,4,5,4,1,0,1,1,1,0,2,0,0,3,2,1,2,4,5,4,5,9,1,2,Guangdong,1,1,6,3,6,1,4
27629,749,Guangdong,0,0,8,1,4,0,0,0,1,0,0,0,0,0,0,1,3,2,2,3,4,4,5,4,4,3,0,0,3,1,0,4,1,1,1,0,0,0,1,9,7,2,2,2,2,5,3,0,1,1,0,1,0,2,1,0,1,3,1,3,4,3,2,4,4,1,1,Guangdong,0,1,5,11,5,4,2
27630,2649,Zhejiang,1,0,5,3,1,0,0,0,1,0,0,0,0,0,0,1,2,2,3,1,2,4,4,4,2,3,0,0,3,1,0,4,2,1,0,0,1,0,1,7,9,10,4,4,1,4,3,1,1,1,0,1,0,1,0,1,3,3,2,3,5,1,4,3,6,1,2,Zhejiang,0,1,6,2,6,1,4
27631,546,Guangxi,0,1,9,1,3,0,0,0,1,0,0,0,0,0,0,1,3,3,4,3,2,4,4,4,3,4,0,0,3,1,0,4,1,1,0,1,1,1,1,5,6,6,4,4,4,5,4,1,1,1,1,1,0,3,1,0,1,2,1,2,5,5,4,5,8,0,1,Guangxi,0,1,5,11,2,4,3
27632,813,Henan,1,0,6,3,1,1,0,0,0,1,0,1,1,0,0,0,3,3,3,2,2,3,4,5,3,3,0,0,3,1,1,3,5,1,1,1,1,1,1,6,8,7,4,4,4,4,4,1,1,1,1,1,0,3,2,1,2,2,2,1,4,4,4,4,6,0,2,Henan,1,2,5,2,3,1,3
27633,587,Jilin,1,0,3,1,2,0,0,0,1,1,0,1,0,0,1,0,3,2,3,3,2,4,4,4,3,2,0,0,3,1,1,4,2,1,1,1,0,0,1,7,5,9,4,4,2,4,3,1,1,1,0,1,0,2,3,2,3,1,2,3,2,4,4,3,7,1,1,Jilin,0,1,5,11,4,4,4
27634,499,Jiangsu,0,1,6,1,3,0,0,0,1,0,0,0,0,0,0,1,3,3,2,2,2,3,3,4,2,2,0,0,3,0,0,4,6,1,1,1,1,1,1,9,10,5,4,2,3,5,4,1,1,0,0,1,0,3,2,0,2,1,1,1,2,4,4,3,5,0,1,Jiangsu,0,1,5,11,5,4,3
27635,497,Guangdong,1,0,6,4,3,1,1,0,0,0,0,0,1,1,0,0,3,3,4,2,4,4,4,4,2,4,0,0,3,0,0,4,3,1,1,1,1,1,1,7,8,9,4,4,3,5,2,1,1,0,0,1,0,2,1,0,2,3,1,1,4,4,4,5,9,1,3,Guangdong,0,2,4,6,6,1,3
27636,1023,Shanxi,1,1,7,4,1,0,0,0,1,0,0,1,1,0,0,0,3,4,3,2,2,4,4,5,2,3,0,0,3,0,1,4,4,0,1,0,0,1,1,8,9,7,4,4,3,5,3,1,0,1,0,1,0,1,1,1,2,3,2,3,4,4,3,3,6,0,1,Shanxi,0,1,5,4,4,4,4
27637,429,Guangdong,1,0,7,4,3,0,1,0,0,0,1,0,1,0,0,0,4,4,3,1,2,3,5,4,3,3,0,0,2,1,0,4,2,1,1,1,1,1,1,7,10,10,4,2,2,5,4,1,1,1,1,1,0,1,1,1,1,3,3,3,4,4,3,4,7,0,1,Guangdong,1,1,5,2,5,1,3
27638,478,Fujian,0,0,3,2,1,0,0,0,1,0,0,0,0,0,1,0,2,2,2,2,3,4,4,5,1,4,0,0,3,1,0,4,2,1,1,0,0,1,1,3,6,7,4,4,5,5,4,1,0,1,0,1,0,1,2,1,3,2,3,2,4,4,4,3,9,0,1,Fujian,0,1,5,6,6,4,4
27639,264,Heilongjiang,1,0,8,4,2,0,0,0,1,0,0,0,0,0,0,1,3,4,4,3,4,4,5,5,3,4,0,0,3,1,0,4,1,1,1,0,0,0,1,4,3,2,3,3,3,4,3,1,1,0,1,1,0,2,1,1,0,2,2,2,4,3,3,4,9,0,2,Heilongjiang,1,1,7,3,5,2,3
27640,593,Shandong,1,0,5,4,3,0,1,0,0,0,0,1,0,0,0,0,2,3,3,2,3,4,4,4,2,3,0,0,3,1,0,4,4,1,0,1,0,1,1,4,6,9,4,4,3,4,4,1,1,0,0,1,0,2,2,1,2,2,1,3,4,5,4,4,7,1,1,Shandong,1,1,5,1,6,2,3
27641,584,Zhejiang,0,1,8,2,2,0,0,0,1,0,0,0,1,0,0,0,2,3,3,2,2,4,4,4,2,4,0,0,3,0,0,4,1,1,1,0,0,0,0,6,8,8,4,2,2,5,2,0,1,1,0,0,0,1,2,3,2,3,2,2,4,5,4,4,7,0,1,Zhejiang,1,1,4,4,6,1,3
27642,867,Guizhou,1,0,8,4,4,0,1,0,0,0,0,1,1,0,0,0,3,4,4,2,4,4,4,5,2,4,0,0,3,1,0,4,2,1,1,1,1,1,1,3,5,8,5,4,4,5,2,1,0,1,1,1,0,1,1,1,3,2,2,1,4,5,5,4,8,1,2,Guizhou,1,1,4,6,6,1,4
27643,937,Tianjin,1,1,8,4,3,1,0,0,0,0,0,0,0,0,0,1,1,2,2,2,4,4,5,5,4,4,0,0,3,1,0,4,2,1,1,1,1,1,1,3,6,8,4,4,5,5,4,1,0,0,0,1,0,3,1,0,0,2,0,0,5,5,4,4,10,1,2,Tianjin,1,2,6,1,7,2,4
27644,639,Fujian,0,0,8,3,1,0,0,0,1,0,0,1,0,0,0,0,2,3,3,2,2,3,4,5,3,4,0,0,3,1,0,4,4,1,1,1,1,1,1,1,5,7,4,5,4,4,5,1,1,1,1,1,0,2,0,1,1,1,0,1,4,5,4,5,7,1,2,Fujian,1,1,5,4,5,2,4
27645,993,Hunan,1,0,6,4,3,1,0,0,0,0,0,0,1,0,0,0,2,3,3,3,4,4,3,1,4,2,0,0,2,1,0,4,2,1,1,0,1,1,1,2,3,1,2,1,2,4,1,1,0,0,0,1,0,1,1,1,2,1,1,2,1,1,2,2,7,1,2,Hunan,1,2,5,2,6,1,3
27646,319,Sichuan,0,0,5,3,2,1,0,0,0,0,0,0,0,0,1,0,2,3,2,2,2,4,4,4,3,4,0,0,3,0,0,4,1,1,1,0,0,1,0,5,6,8,4,5,4,4,4,1,0,1,0,1,0,4,1,0,0,2,0,1,4,4,4,4,8,1,2,Sichuan,0,2,6,3,4,2,4
27552,478,Hebei,1,1,8,3,2,0,0,0,1,0,0,0,0,0,0,1,3,3,4,2,2,4,5,4,3,4,0,0,3,0,0,4,4,1,0,0,1,1,1,3,4,6,4,3,4,4,5,1,1,1,1,1,0,2,2,0,2,3,1,1,3,2,4,5,9,0,1,Hebei,1,1,5,11,3,4,3
27648,710,Guangdong,0,1,7,3,2,0,0,0,1,0,0,0,0,0,0,1,2,3,3,1,3,4,4,4,3,4,0,0,3,0,0,4,2,0,1,0,0,0,0,5,7,5,3,2,3,4,3,1,1,1,1,0,0,1,3,0,3,2,2,3,4,4,3,3,10,1,1,Guangdong,0,1,5,6,7,1,4
27649,577,Anhui,1,0,8,4,1,0,0,0,1,1,0,0,0,0,1,0,2,2,2,2,4,4,5,4,2,3,0,0,3,0,0,4,1,1,1,0,0,0,1,1,3,1,1,1,1,5,1,0,1,1,1,1,0,2,0,0,0,2,1,1,3,1,2,2,3,0,2,Anhui,1,1,4,1,4,1,4
27650,617,Henan,1,0,8,2,0,0,0,0,1,0,0,0,0,0,0,1,3,4,2,4,4,3,1,4,2,3,0,0,3,1,0,4,1,1,0,0,0,0,1,3,4,1,1,1,2,5,2,0,1,1,0,0,0,1,2,1,3,3,2,3,2,1,2,1,10,1,2,Henan,0,1,5,4,5,1,3
27651,1552,Shandong,0,0,8,4,3,1,0,0,0,0,0,0,0,0,0,1,1,1,2,3,4,4,4,5,2,2,0,0,3,1,0,4,2,1,1,1,1,1,1,6,5,8,4,1,5,5,5,1,0,0,1,1,0,2,1,1,2,3,0,0,4,4,4,5,9,1,3,Shandong,0,2,5,3,3,1,3
27652,1098,Guangdong,0,1,9,3,4,1,1,0,0,1,0,0,1,1,1,0,3,4,4,2,4,4,4,5,2,4,0,0,3,1,1,2,3,1,1,1,1,1,1,6,9,9,5,4,5,4,4,1,0,0,1,1,0,4,2,1,3,3,1,2,5,5,4,5,9,0,2,Guangdong,0,2,4,4,4,4,3
27653,662,Hubei,0,1,9,4,4,1,1,0,0,1,0,0,1,0,0,0,2,3,2,3,3,4,5,5,3,4,0,0,3,1,0,4,3,1,1,1,1,1,1,3,4,5,4,5,4,4,5,1,0,0,1,1,0,3,2,1,1,2,0,1,5,5,4,5,10,0,2,Hubei,0,2,5,1,6,1,1
27654,528,Shandong,0,1,8,3,2,1,0,0,0,0,0,0,0,0,0,1,4,3,2,1,2,4,4,5,2,4,0,0,3,1,0,4,2,1,1,0,0,1,1,3,5,8,5,4,5,4,5,1,0,0,1,1,0,2,1,0,2,2,1,0,4,5,4,5,9,1,2,Shandong,0,2,5,4,6,1,3
27655,779,Sichuan,1,1,8,4,3,1,1,0,0,0,0,0,0,0,0,1,2,3,2,3,3,4,5,5,4,4,0,0,2,0,0,4,4,1,1,0,0,0,1,7,9,9,5,5,5,5,5,1,0,0,0,1,0,3,0,0,1,2,0,1,5,4,5,4,8,1,2,Sichuan,1,1,4,4,3,1,3
27656,646,Guangdong,1,0,7,1,3,0,0,0,1,0,0,0,0,0,0,1,2,3,3,3,4,4,4,4,3,3,0,0,3,0,0,4,3,1,1,1,1,1,1,2,2,3,3,2,2,4,3,1,1,1,0,1,0,2,0,0,1,1,1,2,3,3,3,3,8,0,1,Guangdong,0,1,5,11,6,4,4
27657,605,Hainan,0,1,8,3,3,1,0,0,0,0,0,0,0,0,1,0,1,2,3,2,4,4,4,4,2,4,0,0,3,1,0,4,3,1,1,0,1,1,1,6,8,9,5,4,4,4,5,1,1,1,1,1,0,1,2,1,3,3,2,2,4,2,5,4,10,0,3,Hainan,1,2,5,4,6,1,3
27658,480,Guangdong,1,1,5,4,3,1,0,0,0,1,1,1,1,1,1,1,4,3,3,3,4,4,4,4,3,3,1,2,3,1,1,4,4,1,1,1,1,1,1,5,8,8,4,4,4,5,4,1,1,1,1,1,1,1,3,3,3,3,2,2,5,4,5,4,9,1,5,Guangdong,0,2,4,4,6,2,2
27659,1031,Anhui,1,0,8,4,3,1,1,0,0,1,0,1,1,0,1,0,3,4,3,2,4,4,4,5,1,4,1,1,3,1,1,4,2,1,1,0,1,1,1,2,3,10,5,5,5,5,5,1,0,0,0,1,0,2,1,2,3,0,2,2,4,4,4,5,10,0,2,Anhui,1,2,6,2,6,2,1
27660,1423,Guangdong,1,0,8,3,3,1,0,0,0,0,0,0,0,0,1,0,3,3,2,2,4,4,4,5,1,3,0,0,3,1,0,4,2,1,1,0,1,1,1,5,7,9,4,4,5,5,4,1,1,1,0,1,0,2,1,0,2,3,2,2,4,4,5,3,7,1,2,Guangdong,1,2,5,1,7,1,1
27661,579,Jiangsu,0,1,9,4,4,1,1,0,0,0,0,1,1,0,0,0,2,3,3,2,4,4,4,5,3,4,0,0,3,1,0,1,5,1,0,1,1,0,1,7,9,5,5,4,5,3,2,1,0,0,0,1,0,4,2,1,2,2,1,0,5,4,5,3,7,0,2,Jiangsu,1,2,5,5,6,2,4
27662,372,Henan,0,1,6,4,3,0,0,0,1,0,0,1,1,0,0,0,3,3,4,4,4,4,3,4,3,2,0,0,3,0,0,4,1,0,1,0,0,0,0,0,1,1,1,1,1,5,1,0,1,1,0,0,1,1,2,1,2,2,2,3,2,1,1,1,6,0,1,Henan,0,1,5,11,2,4,3
27663,851,Anhui,1,0,9,3,2,0,1,0,0,0,0,0,1,1,0,0,3,2,3,3,3,4,4,5,4,3,0,0,3,1,0,4,2,1,0,0,0,1,1,9,7,4,4,4,2,3,5,1,0,0,0,1,0,4,2,1,2,1,0,1,4,5,5,3,8,0,4,Anhui,1,2,3,4,5,1,3
27664,494,Shaanxi,1,1,8,3,2,1,0,0,0,0,0,0,0,0,1,0,2,2,3,2,4,4,5,4,2,3,0,0,3,0,0,4,1,1,1,0,0,0,1,6,6,5,4,4,4,5,4,1,0,0,1,1,0,3,1,0,1,2,1,1,5,4,4,5,10,1,2,Guangdong,1,2,5,4,6,4,3
27665,645,Guangdong,0,0,8,4,3,1,1,0,0,0,0,0,0,0,0,1,2,3,2,3,4,4,4,4,2,4,0,0,3,0,0,1,4,1,1,1,1,1,1,5,7,8,4,4,5,4,5,1,0,1,0,1,0,3,0,0,1,1,0,1,4,5,4,4,8,0,2,Guangdong,1,2,5,1,6,1,3
27666,633,Guangdong,1,1,8,4,3,1,1,0,0,0,0,0,0,0,0,1,2,3,2,3,4,4,4,4,2,4,0,0,3,0,0,1,4,1,1,1,1,1,1,4,7,8,4,4,5,4,5,1,1,1,0,1,0,3,0,0,1,1,0,1,4,5,4,4,8,0,2,Guangdong,1,2,5,1,7,1,3
27667,992,Fujian,1,1,8,4,2,0,0,0,1,0,0,0,0,0,0,1,3,3,3,2,2,4,4,3,3,5,0,0,3,0,0,4,2,1,1,1,1,1,1,2,1,1,4,4,5,5,5,1,0,0,0,1,0,2,0,0,2,1,1,1,4,5,4,3,7,0,2,Fujian,0,2,3,4,4,1,1
27668,710,Jiangxi,0,1,7,3,0,0,0,0,1,0,0,0,0,0,0,1,2,1,3,2,2,4,4,4,3,2,0,0,3,0,0,4,3,1,1,0,1,1,1,3,7,2,4,2,1,5,2,1,1,1,0,0,0,1,2,0,2,3,2,3,4,2,2,1,8,0,1,Jiangxi,0,1,5,4,5,1,3
27669,355,Jiangsu,1,0,8,3,2,0,1,0,0,1,0,0,1,0,0,0,3,3,4,2,3,4,4,5,2,4,0,0,3,1,0,4,3,0,1,0,0,0,1,8,7,4,2,2,2,4,3,0,1,1,1,0,0,2,2,1,2,3,2,2,2,3,4,4,5,0,2,Jiangsu,0,1,6,4,5,1,2
27670,646,Hubei,1,1,6,3,1,0,1,1,0,0,0,0,1,0,0,0,2,3,3,2,4,4,5,5,2,4,0,0,3,1,1,2,4,1,1,1,1,1,1,7,5,10,5,5,5,5,4,1,0,0,0,1,0,2,2,1,2,3,1,2,5,5,5,4,10,1,4,Hubei,1,2,4,5,5,1,4
27671,715,Sichuan,1,0,6,1,4,0,0,0,1,0,1,0,0,0,0,0,2,2,3,3,4,4,4,4,3,2,0,0,3,1,0,4,2,1,1,0,0,1,0,2,5,7,4,4,3,4,4,1,1,0,0,1,0,4,1,1,1,2,1,0,4,4,3,3,8,0,1,Sichuan,0,1,5,11,4,4,4
27672,365,Henan,0,0,7,4,2,1,0,0,1,0,0,0,0,1,1,0,4,4,4,3,2,4,5,4,3,4,0,0,3,1,1,4,3,1,1,0,1,1,1,2,6,3,4,5,5,5,4,1,1,0,0,1,0,1,2,0,2,3,0,3,5,5,5,5,7,0,2,Henan,1,1,5,2,3,4,3
27673,1275,Jiangsu,1,0,9,4,4,1,1,0,0,0,0,1,1,0,0,0,3,2,3,2,4,4,4,5,3,4,0,0,3,1,0,4,3,1,1,1,1,1,1,8,6,10,5,5,5,5,5,1,0,0,1,1,0,2,1,0,2,3,3,2,5,5,4,5,9,0,2,Gansu,1,2,5,4,4,1,2
27674,766,Guangdong,1,0,9,2,2,0,0,0,1,0,0,0,0,0,0,1,3,3,4,3,3,4,5,5,4,5,0,0,3,0,0,4,4,1,1,1,1,1,1,9,7,2,5,4,4,5,4,1,1,1,1,1,0,2,0,0,2,3,1,1,5,4,5,4,7,0,2,Guangdong,0,1,5,4,6,1,3
27675,667,Henan,1,1,8,3,3,1,0,0,0,0,0,1,1,0,0,0,3,3,4,2,4,4,5,4,4,4,0,0,3,0,1,4,1,1,1,1,1,1,1,7,9,6,4,4,4,4,5,1,0,0,0,1,0,4,1,0,1,0,0,1,5,4,5,4,9,1,4,Jiangsu,1,2,5,4,6,4,1
27676,963,Shanghai,1,1,9,4,2,0,1,0,0,0,0,0,0,0,0,1,3,3,2,2,3,4,4,5,3,4,0,0,3,0,0,4,3,1,1,1,1,1,1,5,5,5,4,3,4,5,2,1,1,1,0,0,0,2,2,3,2,1,2,2,4,3,2,3,9,0,2,Shanghai,1,2,5,4,5,1,4
27677,554,Sichuan,0,1,9,4,1,0,0,0,1,0,0,0,0,0,1,0,3,3,4,2,2,4,4,5,2,4,0,0,3,0,0,4,3,0,1,1,0,0,1,7,8,3,4,4,5,5,4,1,1,0,0,1,0,4,1,0,0,3,2,1,5,5,5,4,9,0,1,Sichuan,0,1,5,2,7,2,4
27678,882,Jiangsu,0,0,5,4,4,1,0,0,0,0,0,0,0,0,0,1,2,3,3,2,3,4,4,5,4,4,0,0,3,0,0,4,3,1,0,0,1,1,1,1,3,8,4,2,4,5,4,1,0,0,0,1,0,4,1,0,2,2,1,1,4,5,4,5,8,1,2,Jiangsu,1,2,5,4,5,1,1
27679,434,Henan,0,1,6,1,3,0,0,0,1,0,0,0,1,0,0,0,2,2,3,3,4,4,4,4,3,3,0,0,3,1,0,4,3,1,1,0,0,0,1,5,6,6,4,3,3,4,2,1,0,1,0,1,0,3,0,0,1,2,0,1,5,4,4,5,8,0,1,Henan,0,1,6,11,5,4,4
27680,876,Guangdong,1,1,8,4,3,0,0,0,1,0,0,0,0,0,0,1,3,4,3,1,2,3,5,4,3,4,0,0,3,0,0,4,4,1,1,1,0,1,1,3,5,8,4,4,4,5,4,1,1,1,0,1,0,4,1,1,0,3,2,2,5,5,3,4,8,0,1,Guangdong,0,1,5,4,7,1,3
27681,977,Guangxi,0,1,5,4,4,1,1,0,0,0,0,0,0,0,0,1,3,4,3,2,3,4,3,4,3,4,0,0,3,0,0,4,5,1,1,1,1,1,1,5,7,9,4,3,4,5,4,1,1,1,1,1,0,2,1,0,2,1,1,2,3,4,4,3,8,1,2,Guangxi,1,2,4,4,6,1,2
27682,517,Jiangxi,1,1,8,4,2,1,0,0,0,0,0,0,0,0,0,1,2,3,2,3,4,4,4,5,3,4,0,0,3,1,0,2,5,1,1,1,1,1,1,5,7,8,4,4,3,5,4,1,1,1,1,1,0,2,0,0,0,0,0,1,5,4,5,3,8,0,2,Jiangxi,1,2,5,2,5,1,3
27683,524,Anhui,0,0,5,4,3,1,1,0,0,0,0,0,1,1,0,0,3,3,4,1,4,4,4,5,3,4,0,0,3,0,0,4,2,1,1,1,1,1,1,8,9,4,4,4,4,5,4,1,0,0,1,1,0,2,1,2,1,3,2,2,5,5,4,4,9,0,2,Anhui,1,2,5,1,6,1,3
27684,368,Henan,1,1,8,2,4,0,0,0,1,0,0,0,0,0,0,1,3,2,2,2,3,4,4,3,3,4,0,0,3,1,0,1,4,1,0,1,1,0,1,2,3,7,4,5,5,5,5,1,0,0,0,1,0,4,1,0,0,1,0,0,5,5,5,4,7,1,1,Henan,0,1,5,11,2,4,2
27685,540,Hainan,1,1,9,4,4,1,1,0,0,0,0,0,0,0,0,1,2,1,3,4,4,4,5,5,4,4,0,0,3,1,1,4,3,1,1,1,1,1,1,2,5,9,5,4,5,4,5,1,0,0,0,1,0,5,1,1,2,1,0,1,5,4,5,4,10,0,2,Beijing,1,2,5,2,5,2,1
27686,423,Jiangxi,0,1,9,4,2,1,0,0,0,0,0,0,0,0,0,1,1,1,2,3,4,4,4,5,2,4,0,0,3,0,0,4,1,1,0,0,1,1,1,0,3,7,4,5,4,5,5,1,0,0,0,1,0,3,0,0,0,1,0,1,5,4,5,5,10,1,2,Jiangxi,1,2,5,4,6,1,3
27687,734,Zhejiang,1,1,9,4,3,0,1,0,0,0,0,0,1,1,1,0,2,2,3,2,3,4,5,4,3,4,0,0,3,1,0,4,3,1,1,1,1,1,1,4,7,8,5,5,4,5,4,1,0,1,1,1,0,2,3,1,2,1,1,2,4,5,4,3,9,0,1,Zhejiang,1,1,4,7,3,1,3
27688,940,Qinghai,1,0,9,4,4,1,1,0,0,0,0,0,1,0,1,0,3,3,4,3,3,4,5,4,2,3,0,0,3,1,1,4,3,1,1,1,1,1,1,7,8,6,4,4,3,5,4,1,0,0,1,1,0,2,1,2,1,3,0,2,5,5,4,4,8,1,2,Sichuan,1,2,5,4,6,2,3
27689,858,Guizhou,0,1,6,3,3,1,0,0,0,0,0,0,0,0,0,1,2,3,3,2,4,4,4,5,3,3,0,0,3,1,0,4,3,1,1,0,0,1,1,7,8,7,4,4,4,5,5,1,1,1,0,1,0,2,2,1,3,2,3,2,4,5,4,4,9,1,2,Guizhou,1,2,5,2,5,1,2
27690,553,Chongqing,0,0,7,4,4,0,0,0,1,1,1,0,0,0,0,0,3,3,4,4,3,4,4,5,3,2,0,0,3,0,0,4,3,1,1,1,0,1,1,7,6,3,4,4,5,4,2,1,1,0,0,1,0,2,1,2,3,3,1,2,2,2,3,4,7,1,2,Chongqing,0,1,5,4,4,4,2
27691,815,Beijing,0,1,6,3,3,1,0,0,0,0,0,0,0,0,1,0,2,3,3,2,3,4,4,4,3,4,0,0,2,0,0,4,6,1,0,1,1,1,1,5,7,9,5,5,5,4,4,1,1,1,1,1,0,4,0,0,1,1,1,1,5,5,5,4,9,0,2,Beijing,1,2,6,4,7,1,2
27692,568,Henan,0,1,8,3,4,1,0,0,0,0,1,0,0,0,0,0,3,3,2,2,2,4,4,4,3,4,0,0,2,0,0,4,1,1,1,1,1,0,1,9,7,10,4,4,5,5,4,1,0,0,0,1,0,2,1,0,2,3,1,1,4,5,4,5,7,0,2,Henan,0,2,4,4,3,1,3
27693,330,Shanghai,0,1,9,4,2,1,0,0,0,0,0,0,0,0,0,1,2,3,2,2,4,4,4,5,2,5,0,0,3,0,0,4,1,1,1,0,1,1,1,8,9,8,4,4,5,4,5,1,1,1,0,1,0,3,1,0,0,2,0,1,5,4,5,4,10,1,3,Shanghai,1,2,5,5,7,1,3
27694,369,Guangdong,1,1,5,2,2,1,0,0,0,0,0,0,0,1,0,0,4,4,3,2,2,4,3,2,3,4,0,0,3,1,0,4,2,1,1,0,0,0,1,8,9,8,2,1,2,4,2,0,1,1,1,0,0,1,2,1,3,2,3,2,2,1,2,1,6,0,1,Guangdong,0,1,5,4,5,4,1
27695,285,Beijing,1,0,8,2,2,0,0,0,1,0,0,0,0,0,0,1,2,3,4,2,3,4,4,5,3,4,0,0,2,1,0,4,1,1,1,0,0,0,1,8,6,2,3,2,1,4,4,0,1,1,0,0,0,1,2,1,0,3,2,2,4,3,4,3,8,0,1,Beijing,0,1,6,11,7,4,2
27696,1341,Guangxi,0,1,8,1,4,0,0,0,1,0,0,0,0,0,0,1,1,1,2,3,3,4,3,4,2,4,0,0,3,1,1,4,2,1,0,0,1,1,1,2,6,9,4,4,4,5,3,1,0,0,0,1,0,3,3,0,2,2,1,1,5,5,5,5,10,1,1,Guangxi,0,1,5,11,5,4,3
27697,419,Guangxi,0,0,8,4,4,1,1,0,0,0,0,0,1,0,0,0,2,2,3,3,4,4,5,4,2,4,0,0,3,1,0,4,2,1,1,1,1,1,1,3,8,9,4,4,5,5,5,1,0,1,1,1,0,3,0,0,1,2,0,1,4,5,4,5,7,1,2,Guangxi,1,2,5,4,6,1,3
27698,670,Guangdong,0,0,9,4,4,1,1,0,0,0,0,0,0,0,0,1,1,1,1,4,4,4,4,3,3,4,0,0,3,1,1,1,2,1,1,1,1,1,1,6,8,7,4,4,5,4,5,1,0,0,1,1,0,4,0,0,1,1,0,0,4,5,4,5,9,1,2,Guangdong,1,2,7,1,6,1,3
27699,827,Guangdong,1,1,9,4,4,1,1,0,0,0,0,0,0,0,0,1,1,1,2,4,4,4,4,5,3,4,0,0,3,1,1,1,2,1,1,1,1,1,1,7,8,7,4,4,5,4,5,1,0,0,1,1,0,4,0,0,0,1,0,0,4,5,4,5,9,0,2,Guangdong,1,2,7,1,7,1,3
27700,392,Hubei,0,1,5,3,2,0,0,0,1,0,0,0,0,0,1,0,3,3,2,2,2,4,4,4,3,4,0,0,3,0,0,4,4,1,1,0,1,1,1,2,7,9,4,3,2,5,3,1,0,0,0,1,0,2,1,1,2,3,1,1,5,5,5,3,7,0,1,Hubei,0,1,4,4,3,4,1
27701,943,Yunnan,1,0,8,1,1,0,0,0,1,0,0,0,1,0,0,0,3,3,3,2,2,4,3,4,2,3,1,2,3,1,0,4,4,1,1,1,1,0,1,4,5,8,4,4,3,4,4,1,0,0,1,1,0,2,0,0,2,3,1,2,4,3,4,2,6,0,1,Yunnan,0,1,6,11,3,2,3
27702,661,Shandong,0,1,8,4,2,1,0,0,0,0,0,1,0,0,0,0,3,3,1,3,4,4,4,5,2,4,0,0,3,0,0,4,3,1,1,1,1,1,1,5,7,9,4,4,4,5,4,1,1,1,1,1,0,2,1,0,1,2,2,2,4,4,5,4,8,0,2,Shandong,1,2,6,1,5,2,3
27703,647,Jiangxi,0,1,9,3,3,1,0,0,0,0,0,0,0,0,1,0,1,2,2,3,4,4,5,5,2,4,0,0,3,1,0,4,1,1,1,0,1,0,1,9,7,3,2,4,4,5,4,1,0,0,0,1,0,2,0,0,0,2,0,1,5,4,4,3,9,1,2,Jiangxi,0,2,5,4,6,2,3
27704,541,Henan,0,0,9,1,2,0,0,0,1,1,0,0,0,0,0,0,3,3,3,3,4,4,4,5,3,4,0,0,3,1,0,4,3,1,1,0,1,0,1,6,8,7,4,2,4,4,5,1,0,0,0,1,0,2,1,0,2,3,1,1,4,3,4,4,8,1,2,Henan,0,1,5,11,5,1,4
27705,333,Liaoning,1,1,8,3,2,1,0,0,0,0,0,0,1,0,0,0,2,2,2,3,4,4,4,4,2,4,0,0,3,0,0,4,2,1,1,1,1,1,1,4,5,8,1,4,4,5,4,1,0,0,1,1,0,2,1,1,1,2,0,1,4,4,5,4,9,1,3,Liaoning,1,2,5,1,4,1,3
27706,555,Guangdong,0,1,9,4,3,1,0,0,0,0,0,0,0,0,0,1,1,2,1,3,4,4,4,4,3,4,0,0,3,1,0,1,2,1,1,1,1,1,1,4,5,7,4,4,5,4,5,1,1,0,0,1,0,4,1,0,1,2,0,1,5,4,4,5,9,0,2,Guangdong,1,2,7,1,7,2,2
27707,838,Shanghai,1,0,9,4,2,0,1,0,0,0,0,0,1,0,0,0,2,3,2,3,4,4,4,5,2,4,0,0,3,1,1,1,2,1,1,1,1,1,1,3,5,8,4,5,4,4,3,1,0,0,1,1,0,3,3,0,1,3,0,1,4,5,5,5,9,0,3,Shanghai,0,2,3,1,6,1,1
27708,561,Fujian,1,1,8,4,3,1,0,0,0,0,0,0,0,0,0,1,2,2,3,3,4,4,4,5,3,4,0,0,3,1,0,4,3,1,1,1,1,1,1,1,3,6,4,5,5,4,5,1,0,0,1,1,0,3,0,0,0,1,1,1,5,5,5,5,10,1,2,Fujian,1,2,5,3,6,2,1
27709,559,Shandong,0,1,8,4,4,1,1,0,0,1,0,0,1,0,0,0,3,3,3,2,4,4,4,5,4,4,0,0,3,0,0,4,4,1,1,1,1,1,1,8,8,6,4,4,5,5,4,1,0,0,0,1,0,2,2,1,1,3,1,1,4,5,4,4,7,1,2,Shandong,1,2,5,4,5,1,3
27710,800,Inner Mongolia,1,1,5,3,3,0,1,0,0,0,0,0,0,0,0,1,4,4,3,2,3,4,4,4,3,3,0,0,3,0,0,4,4,1,1,1,1,1,1,8,5,3,3,2,1,4,2,1,1,1,1,0,0,1,1,2,3,3,3,2,4,2,1,2,7,0,1,Inner Mongolia,0,1,5,1,4,4,3
27711,715,Shanxi,0,0,6,4,4,1,0,0,0,0,0,0,0,0,1,0,3,3,3,2,4,4,4,4,2,3,0,0,3,1,0,4,2,1,1,1,1,1,1,6,7,5,3,4,3,5,4,1,1,1,1,0,0,3,2,1,2,3,1,1,4,4,4,3,7,1,2,Jiangsu,1,2,6,4,7,1,2
27712,293,Jiangsu,1,1,1,3,1,0,0,0,1,0,0,1,1,0,0,0,3,3,4,2,4,4,4,5,2,4,0,0,3,1,1,4,2,1,1,0,0,0,1,5,4,7,2,2,1,5,5,1,0,0,0,1,0,2,0,0,2,3,1,1,4,5,4,3,10,1,2,Jiangsu,1,1,6,2,4,1,3
27713,431,Guangdong,0,1,9,1,1,0,0,0,1,0,0,0,0,0,0,1,1,2,3,2,4,4,5,4,2,4,0,0,3,0,0,4,4,1,1,1,1,1,1,6,6,4,4,4,4,4,3,1,1,0,1,1,0,2,0,0,1,2,1,2,4,4,4,4,8,1,2,Guangdong,0,1,6,1,6,4,3
27714,515,Guangdong,0,1,9,4,3,1,0,0,0,0,0,0,0,0,0,1,1,2,2,3,4,4,4,4,4,4,0,0,3,1,0,1,2,1,1,1,1,1,1,5,5,8,5,5,4,4,5,1,1,0,0,1,0,4,1,0,0,2,0,0,5,5,4,5,9,0,2,Guangdong,1,2,5,1,6,2,3
27715,275,Guangdong,0,0,9,4,4,0,0,0,1,0,0,0,0,0,0,1,3,3,3,1,3,4,5,5,3,4,0,0,3,1,0,4,2,1,0,1,1,1,1,5,6,9,5,4,5,4,4,1,1,1,1,1,0,1,1,1,3,2,3,0,5,5,5,3,7,0,1,Guangdong,0,1,5,11,6,4,4
27716,633,Jiangsu,1,0,3,3,3,0,0,0,1,0,0,0,0,0,0,1,3,3,3,2,4,4,2,4,2,2,0,0,3,0,0,3,2,1,1,0,0,0,1,10,10,1,2,2,4,5,4,0,1,0,1,1,0,1,0,0,2,1,3,2,5,4,4,1,10,0,1,Jiangsu,0,1,5,4,6,4,3
27717,497,Shandong,0,0,8,4,4,1,1,0,0,1,0,0,1,1,0,0,3,3,3,2,4,4,4,5,3,4,0,0,3,0,0,4,4,1,1,0,1,1,1,7,8,5,4,4,5,4,4,1,0,0,0,1,0,2,2,2,1,3,1,2,4,4,5,3,7,1,2,Liaoning,1,2,5,4,5,1,3
27718,827,Shandong,1,1,9,4,2,1,0,0,1,0,0,0,0,0,0,1,3,3,3,3,4,4,4,4,3,4,0,0,3,1,0,4,5,1,1,0,1,1,1,5,7,9,4,2,1,2,2,1,0,0,0,1,0,4,0,0,0,1,1,1,4,4,5,4,8,0,2,Shandong,1,2,5,4,6,1,1
27719,487,Tianjin,0,1,6,3,0,0,0,0,1,0,0,0,0,0,0,1,3,2,3,2,4,4,4,4,2,3,1,2,3,0,0,4,2,1,1,0,0,0,1,7,7,5,4,4,4,5,4,1,1,1,0,1,0,3,0,0,1,3,0,1,4,4,5,4,8,1,3,Tianjin,0,2,6,1,5,1,3
27720,854,Chongqing,1,0,3,4,4,1,0,0,0,0,1,0,0,0,1,0,3,4,2,2,2,4,4,5,2,4,0,0,2,0,0,4,5,1,1,0,1,1,1,8,5,10,4,4,5,2,4,1,0,0,0,1,0,2,0,1,2,1,1,1,4,5,4,4,8,0,2,Chongqing,1,2,3,4,5,1,3
27721,651,Jiangsu,0,1,8,4,3,1,0,0,0,1,0,1,0,0,1,0,3,3,4,1,3,4,2,4,1,4,0,0,2,1,0,4,3,1,0,1,1,1,1,2,5,6,4,4,4,2,4,1,0,0,1,1,0,2,2,0,1,0,1,1,5,4,5,5,10,1,3,Jiangsu,1,2,5,5,6,1,3
27722,477,Zhejiang,1,0,6,4,3,1,0,0,0,0,0,0,0,0,0,1,2,2,2,2,4,4,4,4,3,4,0,0,3,1,0,4,2,1,1,0,1,1,1,2,5,8,2,4,4,4,5,1,0,0,0,1,0,2,0,1,1,2,1,1,4,4,4,4,5,1,3,Zhejiang,1,2,3,4,5,1,2
27723,865,Jiangxi,1,1,9,4,4,1,0,0,0,0,0,0,0,0,0,1,2,1,2,4,3,4,4,5,3,4,0,0,3,1,0,4,1,1,1,1,1,1,1,6,8,6,4,4,5,4,4,1,0,1,1,1,0,3,1,0,2,1,0,1,5,4,4,5,7,1,2,Jiangxi,0,2,5,4,6,3,2
27724,698,Heilongjiang,1,1,6,3,3,1,1,0,0,0,0,0,1,0,0,0,2,3,3,2,4,4,4,5,4,5,0,0,3,0,0,4,3,1,0,1,0,1,1,5,5,7,5,4,5,4,4,1,0,0,0,1,0,3,0,0,0,2,0,0,5,5,5,5,7,0,3,Heilongjiang,1,2,5,4,6,1,1
27725,1474,Jiangsu,1,1,3,3,3,1,0,0,0,0,0,1,0,1,0,0,3,4,3,2,4,4,5,5,3,4,0,0,3,0,0,4,1,1,1,0,0,0,1,5,7,9,4,4,4,5,4,1,0,0,0,1,0,2,1,0,2,3,2,2,4,5,5,5,10,1,1,Jiangsu,1,2,4,4,3,4,1
27726,820,Jiangsu,0,0,9,4,3,0,1,0,0,0,0,0,0,0,0,1,1,3,2,2,3,4,5,4,3,4,0,0,3,0,0,4,1,1,1,1,1,1,1,3,7,5,2,4,4,5,4,1,1,1,1,1,1,3,0,1,2,1,2,1,4,5,4,5,10,1,4,Jiangsu,1,2,4,4,4,2,4
27727,737,Guangdong,0,1,8,4,3,1,0,0,0,1,0,0,0,0,0,0,2,3,2,3,4,4,4,5,3,4,0,0,1,1,0,4,2,1,1,1,0,0,1,3,7,9,2,2,3,4,4,1,0,0,0,1,0,2,0,0,1,2,0,1,4,4,5,4,8,0,1,Guangdong,0,1,5,4,7,4,4
27728,719,Anhui,1,1,5,2,0,0,0,0,1,0,0,0,1,0,0,0,3,3,2,2,3,4,4,5,3,4,0,0,3,1,1,4,3,1,1,1,1,1,1,2,5,7,4,4,4,5,3,1,0,0,1,1,0,2,1,0,1,2,1,2,5,4,5,5,7,1,1,Anhui,0,1,5,2,6,1,4
27729,1032,Gansu,0,1,9,4,3,1,0,0,0,0,0,0,0,0,0,1,2,2,2,2,4,4,4,4,3,4,0,0,3,1,0,4,3,1,1,1,1,1,1,6,8,9,4,4,2,5,4,1,1,1,1,1,0,1,2,2,3,2,2,2,4,4,4,4,9,0,1,Gansu,0,1,5,11,2,4,4
27730,846,Henan,1,1,9,4,3,1,0,0,0,0,0,0,0,0,0,1,1,2,1,2,3,4,4,5,2,4,0,0,3,0,0,4,2,1,1,1,1,1,1,2,3,7,5,4,5,4,5,1,0,0,1,1,0,3,0,0,1,2,1,1,5,4,5,4,9,1,2,Fujian,0,2,5,1,6,1,1
27731,773,Zhejiang,0,1,7,3,3,1,0,0,0,0,0,0,0,0,0,1,3,3,2,2,4,4,5,4,3,4,0,0,3,1,1,3,2,1,1,1,1,1,1,3,8,10,4,4,4,5,5,1,1,1,1,1,0,3,1,0,1,3,2,2,5,4,4,5,6,0,1,Zhejiang,1,1,4,2,4,4,4
27732,566,Shanghai,0,0,3,3,2,1,0,0,0,0,0,0,0,0,0,1,4,4,3,2,4,4,4,4,3,4,0,0,0,0,0,4,3,1,1,1,1,1,1,5,7,8,4,4,4,5,4,1,0,0,0,1,0,2,1,0,1,2,3,2,4,4,5,3,6,0,3,Shanghai,1,2,5,4,7,1,2
27733,270,Guangdong,0,0,9,2,1,0,0,0,1,0,0,0,0,0,1,0,3,2,2,3,2,3,3,4,3,3,0,0,3,1,1,4,4,1,0,1,1,1,1,5,7,8,4,4,4,5,4,1,1,1,1,1,0,2,2,2,1,2,1,1,5,5,4,5,8,0,2,Guangdong,0,1,5,4,4,4,3
27734,496,Henan,1,0,9,4,3,1,1,0,0,0,0,0,1,0,0,0,3,2,3,3,3,4,5,5,4,3,0,0,3,1,0,4,2,1,1,0,0,0,1,4,6,3,4,4,4,5,4,1,0,1,0,1,0,2,1,0,1,3,0,2,5,4,5,5,7,0,3,Jiangsu,1,2,6,1,6,2,4
27735,897,Shandong,0,1,6,3,2,1,0,0,0,0,0,0,0,0,0,1,3,3,3,2,4,4,4,5,1,3,0,0,3,1,0,4,3,1,0,0,1,0,1,8,9,5,3,4,3,5,4,0,1,0,1,1,0,3,1,0,2,3,2,2,4,4,4,5,9,1,2,Shandong,1,2,5,4,6,1,2
27736,533,Heilongjiang,0,1,9,3,2,1,0,0,0,0,0,0,0,0,0,1,1,2,2,4,3,4,4,4,3,4,0,0,3,1,1,4,2,1,1,1,1,1,1,6,7,9,5,4,4,5,4,1,1,1,1,1,0,3,1,1,2,1,1,0,5,4,5,5,7,0,3,Heilongjiang,1,2,6,5,6,1,1
27737,732,Shaanxi,0,0,8,3,1,0,0,0,1,0,0,0,0,0,0,1,2,2,3,3,2,3,4,4,2,3,0,0,0,0,0,4,4,1,0,0,1,1,1,3,5,8,4,4,4,5,3,1,1,0,0,0,0,3,0,0,1,1,1,1,4,4,3,3,8,1,2,Shaanxi,1,1,5,4,6,1,3
27738,1306,Jiangxi,0,0,8,4,2,1,0,0,0,0,0,0,0,0,0,1,2,2,2,3,3,4,4,4,3,4,0,0,2,1,1,4,1,1,0,0,1,0,1,2,3,2,2,4,4,5,4,1,0,0,1,1,0,4,0,0,1,2,1,1,4,5,4,5,10,1,3,Jiangxi,0,2,5,4,6,2,3
27739,396,Guangdong,1,1,8,4,4,1,1,0,0,0,0,0,0,0,0,1,3,3,2,1,4,4,4,5,2,3,0,0,2,1,0,4,3,0,1,0,1,1,1,6,7,9,5,4,5,4,5,1,0,0,1,1,0,1,2,0,3,2,1,1,4,5,4,4,10,0,2,Guangdong,0,2,4,4,6,1,3
27740,497,Xinjiang,1,1,8,1,4,0,0,0,1,0,0,0,0,0,0,1,2,3,3,2,2,4,4,4,3,3,0,0,3,1,1,2,2,1,1,0,0,1,1,8,7,5,4,4,2,5,3,1,0,0,1,1,0,2,2,1,2,3,1,2,4,4,3,3,7,1,1,Xinjiang,1,1,5,11,3,4,3
27741,327,Sichuan,0,1,9,4,3,1,0,0,0,0,0,0,0,0,0,1,1,2,3,1,2,4,4,4,2,4,0,0,3,0,0,4,3,1,1,1,1,1,1,1,4,5,5,5,5,3,4,1,1,1,1,1,0,3,1,0,2,3,0,1,5,5,4,5,10,0,2,Sichuan,0,2,3,2,4,1,4
27742,690,Zhejiang,1,1,9,3,2,1,0,0,0,0,0,1,1,0,0,0,2,4,3,2,4,4,5,5,4,4,1,3,3,1,0,4,2,1,0,1,1,1,1,2,4,7,4,5,4,4,5,1,0,0,0,1,0,2,1,1,2,2,0,1,4,5,5,4,8,0,3,Zhejiang,0,2,5,5,6,2,2
27743,559,Guizhou,0,0,8,4,4,1,0,0,0,0,0,0,1,0,1,0,3,3,3,2,4,4,4,5,2,4,0,0,3,1,0,4,2,1,0,1,1,1,1,7,9,10,5,4,5,4,5,1,1,1,1,1,0,2,0,0,1,2,1,2,5,5,4,5,9,1,2,Guizhou,0,2,5,3,5,2,3
27744,675,Yunnan,1,0,9,4,2,1,0,0,0,0,0,0,0,0,0,1,3,3,2,2,4,4,4,4,3,4,0,0,3,0,0,4,3,1,1,1,1,1,1,5,6,9,4,4,4,4,5,1,0,0,1,1,0,2,1,1,2,1,0,0,5,4,5,5,8,0,2,Yunnan,1,2,5,4,7,1,2
27745,302,Hebei,0,0,7,3,4,0,0,0,1,0,0,0,0,0,1,0,3,3,2,2,3,3,4,4,4,4,0,0,3,0,0,4,3,1,0,1,1,1,1,5,6,8,4,4,4,4,2,1,0,0,1,1,0,2,1,0,2,2,1,2,4,4,4,3,4,0,1,Hebei,0,1,3,4,7,4,4
27746,723,Guangxi,0,0,9,4,4,1,1,0,0,0,0,0,0,0,1,0,2,2,2,3,3,4,5,5,2,4,0,0,3,0,0,4,2,1,1,1,1,1,1,3,6,9,4,4,4,5,4,1,0,0,1,1,0,2,0,1,1,2,0,1,4,4,4,5,8,0,2,Guangxi,1,2,5,4,6,1,2
27747,670,Jiangsu,1,1,8,4,4,1,1,0,0,0,0,0,0,0,0,1,2,1,2,3,4,4,5,5,4,4,0,0,3,0,0,4,3,1,1,1,1,1,1,3,5,8,4,4,4,5,5,1,0,0,0,1,0,4,1,0,2,1,0,0,5,5,4,4,10,0,3,Jiangsu,1,2,6,4,6,1,1
27748,452,Shandong,0,0,7,4,3,0,1,0,0,0,0,0,1,0,0,0,3,4,3,3,4,4,4,4,2,3,0,0,3,0,0,4,2,1,0,0,0,0,0,5,9,7,2,2,1,5,3,1,1,1,0,1,0,2,1,0,2,3,3,2,4,3,4,1,9,1,1,Shandong,1,1,5,3,3,1,2
27749,647,Jiangsu,1,0,8,4,3,1,0,0,0,0,0,0,0,0,0,1,2,1,1,3,3,4,5,4,4,5,0,0,3,0,0,4,3,1,1,0,1,1,1,2,4,8,5,4,5,4,5,1,0,0,0,1,0,4,1,0,2,2,0,0,5,4,5,4,10,0,2,Jiangsu,1,2,6,4,7,1,1
27750,936,Zhejiang,1,1,9,4,3,1,0,0,0,0,0,0,0,0,0,1,3,3,2,3,3,4,4,5,2,5,0,0,3,1,0,4,3,1,1,1,1,1,1,3,5,2,4,5,4,5,4,1,0,0,0,1,0,4,1,0,1,2,1,0,4,5,4,5,7,0,2,Zhejiang,1,2,5,1,6,2,4
27751,677,Jiangsu,0,0,9,3,2,1,0,0,0,0,0,0,0,0,0,1,2,2,1,3,4,4,4,5,4,5,0,0,3,0,0,4,4,1,1,1,1,1,1,2,3,7,4,5,4,4,5,1,0,0,0,1,0,5,0,0,1,3,0,0,4,5,5,4,10,0,3,Jiangsu,1,2,5,4,6,1,1
27752,1046,Jiangsu,0,0,6,4,2,0,0,0,1,0,0,1,1,0,0,0,3,2,3,3,3,4,4,4,3,4,0,0,3,1,0,4,1,1,1,1,1,1,1,2,5,4,4,4,3,5,4,1,0,0,0,1,0,2,1,0,1,2,1,2,4,3,4,5,7,0,2,Jiangsu,1,1,6,2,7,2,3
27753,744,Shanxi,1,1,3,4,2,0,1,0,0,0,0,0,1,0,0,0,3,3,4,3,4,4,4,5,1,4,0,0,2,0,0,4,2,1,1,1,1,1,1,4,5,7,4,5,5,5,4,1,0,0,0,1,0,2,0,0,1,2,1,1,5,5,4,4,8,1,2,Shanxi,1,1,5,4,6,1,3
27754,593,Beijing,1,0,7,3,3,1,1,0,0,0,0,0,1,0,0,0,3,3,2,2,4,4,4,4,5,2,0,0,2,1,0,4,1,1,1,0,0,0,1,4,5,3,2,1,2,4,1,1,1,0,0,0,0,1,2,1,3,3,2,3,4,2,2,3,7,1,3,Beijing,1,2,5,4,4,1,4
27755,892,Beijing,0,0,8,4,3,1,0,0,0,0,0,0,1,0,0,0,3,4,3,2,2,4,5,4,3,4,0,0,3,1,0,4,2,1,1,0,0,1,1,5,7,8,4,4,4,5,3,1,1,0,1,1,0,2,2,1,0,3,1,2,4,4,5,4,8,1,3,Beijing,1,2,5,1,7,1,3
27756,331,Guangxi,1,0,9,3,3,0,1,0,0,0,0,0,0,0,0,1,4,3,3,2,3,4,4,4,3,4,0,0,3,1,1,3,3,1,1,0,0,0,1,2,5,8,5,4,4,5,4,1,0,0,0,1,0,2,2,1,3,2,0,1,4,5,4,5,7,1,2,Guangdong,1,1,3,7,5,4,1
27757,612,Yunnan,0,0,9,4,2,1,0,0,0,0,0,0,0,0,0,1,3,3,2,2,4,4,4,4,3,4,0,0,3,0,0,4,3,1,1,1,1,1,1,5,6,8,4,4,4,4,5,1,0,0,1,1,0,2,1,1,2,1,0,0,5,4,5,5,8,1,2,Yunnan,1,2,5,4,7,1,2
27758,466,Hainan,1,1,8,4,2,1,0,0,0,0,0,0,0,0,0,1,2,2,1,2,4,4,5,4,2,4,0,0,3,0,0,4,2,1,1,1,1,1,1,6,8,9,4,4,3,5,4,1,1,1,0,0,0,2,0,0,2,2,0,2,5,5,4,3,8,0,2,Hainan,1,2,6,4,6,1,2
27759,324,Zhejiang,0,0,8,4,4,1,1,0,0,0,0,0,1,0,0,0,3,3,2,2,2,4,4,4,3,4,0,0,2,0,0,4,2,1,1,0,0,0,1,6,7,3,4,5,4,4,4,1,0,0,0,0,0,2,0,0,1,1,0,0,4,5,4,4,7,0,2,Zhejiang,1,2,5,5,7,2,4
27760,427,Guangdong,0,0,9,4,4,1,1,0,0,0,1,0,1,0,1,0,3,3,4,2,4,4,4,5,4,3,0,0,3,1,1,4,2,1,1,0,0,0,1,6,9,5,4,4,5,4,2,1,0,0,0,1,0,1,1,0,3,2,1,2,4,5,4,3,6,0,2,Guangdong,0,1,4,4,5,1,1
27761,1305,Hebei,0,0,9,4,3,1,1,0,0,0,0,0,1,0,0,0,3,3,2,2,4,4,4,5,3,4,0,0,3,1,0,4,4,1,1,1,1,1,1,8,6,6,4,4,5,4,5,1,1,1,1,1,0,3,3,2,1,2,1,1,4,5,4,4,8,0,2,Hebei,1,2,5,4,6,1,3
27762,297,Hubei,0,1,4,1,3,0,0,0,1,0,0,0,0,0,0,1,2,2,2,3,3,4,3,3,3,4,0,0,3,0,0,4,1,0,1,0,1,0,1,3,2,3,2,3,2,5,4,0,1,1,0,1,0,2,1,0,0,2,1,1,3,4,3,1,6,0,1,Hubei,0,1,5,11,7,4,4
27763,685,Guangdong,1,0,8,4,4,1,1,0,0,0,0,1,1,0,0,0,2,1,2,3,4,4,4,5,4,4,0,0,3,0,0,4,1,1,0,0,0,1,1,1,2,1,2,2,1,5,4,1,0,0,0,1,0,3,1,0,1,2,1,1,5,4,4,5,9,1,3,Guangdong,1,2,5,4,7,6,1
27764,502,Guangxi,1,1,9,2,0,0,0,0,1,0,0,1,1,0,0,0,3,3,3,2,4,4,5,4,2,4,0,0,3,1,0,4,3,1,1,1,1,1,1,8,6,7,4,4,5,5,4,1,1,0,0,1,0,2,0,0,1,2,1,2,4,5,4,5,9,1,2,Guangxi,0,1,5,3,5,2,4
27765,1019,Hebei,1,0,9,4,4,1,1,0,0,0,0,1,1,0,1,0,2,3,3,2,4,4,4,5,2,4,0,0,3,1,0,4,1,1,1,1,1,1,1,4,6,5,4,4,5,5,4,1,0,0,1,1,0,2,1,0,2,3,1,0,4,5,5,4,8,1,3,Hebei,1,2,5,4,6,1,4
27766,475,Shanghai,1,1,6,2,2,0,0,0,1,0,0,0,0,0,0,1,3,3,2,2,3,4,4,4,2,4,0,0,2,0,0,4,4,1,1,0,1,1,1,5,7,8,4,3,2,4,3,1,1,1,0,1,0,1,3,0,1,2,2,3,2,3,2,2,7,0,2,Shanghai,0,2,5,5,7,4,4
27767,305,Xinjiang,0,0,6,2,0,0,0,0,1,0,0,0,0,0,0,1,2,3,3,2,3,4,4,3,2,3,0,0,3,1,0,4,2,1,1,1,1,1,1,6,6,1,2,3,2,4,3,1,1,1,0,1,0,1,2,1,1,3,2,3,2,3,2,2,5,0,1,Xinjiang,0,1,5,2,4,2,4
27768,456,Tianjin,1,0,9,3,2,1,0,0,0,0,0,0,0,0,1,0,3,3,4,2,3,4,4,5,4,4,0,0,3,1,0,4,3,1,1,1,1,1,1,1,5,4,3,4,2,5,3,1,1,1,1,1,0,2,1,2,1,3,2,1,4,4,5,4,9,0,2,Tianjin,1,2,7,11,7,2,3
27769,1174,Guangdong,0,1,9,4,4,1,1,0,0,0,0,0,0,0,0,1,1,2,2,3,4,4,4,4,3,4,0,0,3,1,0,1,2,1,1,1,1,1,1,5,6,7,4,4,5,4,5,1,1,0,0,1,0,4,1,0,1,2,0,0,5,4,4,5,9,1,2,Guangdong,1,2,7,1,7,2,3
27770,385,Guangdong,1,0,9,2,0,0,0,0,1,0,0,1,0,0,0,0,3,2,3,2,2,4,4,5,2,4,0,0,3,0,0,4,2,1,1,1,1,1,1,8,10,5,4,4,3,4,4,1,1,0,1,1,0,1,2,0,2,2,2,1,5,4,4,3,9,0,1,Guangdong,0,1,5,5,7,4,4
27771,1634,Guangdong,0,0,8,4,1,1,1,0,0,0,0,0,0,0,0,1,1,1,1,4,3,4,5,5,2,2,0,0,3,1,0,4,1,1,0,1,1,0,1,7,9,9,4,5,3,4,4,1,0,0,1,1,0,4,0,0,0,0,0,0,4,5,4,5,10,1,3,Jiangxi,1,2,4,4,7,1,2
27772,1082,Shandong,0,0,5,4,4,1,1,0,0,1,0,0,1,0,0,0,3,4,3,2,4,4,2,4,2,4,0,0,2,0,0,2,2,1,1,0,0,0,1,10,10,2,2,2,1,5,2,0,1,0,0,1,0,1,2,1,0,2,3,2,4,2,4,2,7,1,5,Shandong,1,2,5,1,6,2,1
27773,987,Zhejiang,1,1,9,4,4,1,1,0,0,1,0,0,0,0,1,0,3,3,2,3,4,4,4,5,2,4,0,0,3,1,0,4,4,1,1,1,1,1,1,8,5,10,5,5,5,4,5,1,0,0,0,1,0,3,1,2,0,2,0,1,5,4,5,5,6,1,2,Zhejiang,0,2,5,4,6,1,4
27774,390,Shandong,1,0,8,4,3,1,0,0,0,0,0,0,0,0,0,1,2,3,2,2,4,4,4,5,2,4,0,0,3,1,0,4,3,1,0,1,0,1,1,3,5,9,5,4,4,5,5,1,0,0,1,1,0,4,1,0,0,2,1,1,5,5,4,5,8,0,2,Shaanxi,0,2,5,2,5,1,3
27775,903,Chongqing,0,1,8,4,4,1,1,0,0,0,0,0,1,0,0,0,2,3,4,2,4,4,4,5,2,4,0,0,3,1,1,4,2,1,1,1,1,1,1,5,7,10,4,4,5,4,5,1,0,0,0,1,0,2,1,0,2,2,1,0,4,5,4,5,9,1,3,Fujian,1,2,5,5,6,1,2
27776,892,Jilin,0,0,7,4,3,0,0,0,1,0,0,0,0,0,0,1,3,1,4,2,2,4,4,5,4,4,0,0,3,1,1,4,2,1,1,1,1,1,1,8,4,3,4,4,5,5,4,1,0,0,0,1,0,2,2,3,3,2,0,3,4,5,5,4,7,1,1,Zhejiang,1,1,5,11,3,4,3
27777,296,Guangdong,0,0,8,1,3,0,0,0,1,0,0,0,0,0,0,1,3,2,3,3,4,4,4,4,2,4,0,0,3,1,0,4,5,1,1,0,0,1,1,3,8,10,4,4,4,5,4,0,0,1,1,1,0,4,0,0,0,1,1,2,5,4,5,4,9,0,1,Guangdong,0,1,5,11,5,4,3
27778,736,Guangdong,0,0,8,1,2,0,0,0,1,1,0,0,1,0,0,0,3,3,2,2,4,4,4,3,2,3,0,0,2,1,0,4,3,1,1,1,1,1,1,5,3,8,4,3,2,5,4,1,1,0,0,0,0,3,1,0,0,2,2,2,4,4,4,3,6,0,1,Guangdong,0,1,5,11,6,4,3
27779,972,Henan,1,1,6,1,4,0,0,0,1,0,0,0,1,0,0,0,3,2,3,3,4,4,4,5,2,4,0,0,3,1,0,4,1,1,1,1,1,1,1,3,1,1,4,5,4,5,4,1,1,1,1,1,0,2,1,0,2,2,2,1,5,5,4,5,9,0,1,Henan,0,1,5,11,3,4,4
27780,459,Jiangsu,1,1,9,3,2,0,0,1,0,0,0,0,1,0,0,0,3,4,3,2,3,4,5,3,2,4,0,0,3,0,0,4,1,1,1,1,0,1,1,2,4,4,4,4,3,5,4,1,1,1,1,1,0,1,1,0,3,1,2,2,4,5,3,4,6,1,2,Jiangsu,0,1,6,11,3,1,4
27781,693,Henan,0,0,8,4,4,1,1,0,0,0,0,1,1,0,0,0,4,4,4,1,4,4,5,5,2,3,0,0,3,1,0,2,2,1,1,0,0,1,1,1,7,3,5,5,5,5,5,1,0,0,0,1,0,3,0,0,2,2,0,0,5,4,4,5,8,1,3,Henan,1,2,7,2,6,2,3
27782,427,Hubei,1,1,3,2,0,0,0,0,1,0,0,0,0,0,0,1,2,2,2,3,3,4,4,4,3,2,0,0,2,1,0,4,1,1,1,0,0,0,1,2,1,1,2,3,2,5,3,0,1,1,1,1,0,1,1,0,2,3,2,3,4,2,2,4,7,0,2,Hubei,0,1,6,3,6,2,3
27783,1079,Guangdong,0,1,9,4,4,1,1,0,0,0,0,0,0,0,0,1,1,1,1,4,4,4,4,3,2,4,0,0,3,1,1,1,4,1,0,1,1,1,0,6,5,7,4,4,5,4,5,1,0,0,1,1,0,4,0,0,0,1,0,0,4,5,4,4,9,0,2,Guangdong,1,2,5,1,6,1,3
27784,516,Fujian,1,1,8,3,1,0,0,0,1,0,0,0,0,0,0,1,3,3,3,2,4,3,4,5,3,3,0,0,3,1,0,4,5,1,0,0,1,1,1,5,7,8,4,4,3,4,3,1,0,1,0,1,0,2,2,0,2,3,1,1,4,4,4,3,8,0,1,Beijing,0,1,5,2,6,1,3
27785,674,Henan,0,1,8,4,2,1,0,0,0,0,0,0,0,0,0,1,2,1,2,4,4,4,4,5,2,4,0,0,3,1,1,4,4,1,1,1,1,1,1,2,4,6,2,4,5,4,4,1,0,0,1,1,0,4,1,0,0,1,1,2,4,5,5,4,9,0,2,Hubei,1,2,5,1,6,1,2
27786,398,Jiangsu,0,1,8,3,1,0,0,0,1,0,0,0,0,0,0,1,3,3,4,1,3,4,4,3,3,4,0,0,2,0,0,4,3,1,1,0,0,0,1,3,7,4,4,3,2,5,4,1,1,1,0,1,0,4,0,0,0,1,1,2,5,4,4,3,8,0,1,Jiangsu,0,1,5,4,6,4,3
27787,595,Shanxi,1,0,9,4,2,0,1,0,0,0,1,0,1,0,1,0,3,3,2,3,4,4,5,5,3,4,0,0,3,1,0,4,1,1,0,1,1,0,1,3,6,8,5,4,4,5,5,1,0,0,0,1,0,3,1,0,3,2,1,1,5,5,4,5,10,0,2,Shanxi,1,1,5,4,6,1,2
27788,1008,Hubei,0,0,9,3,2,1,0,0,0,0,0,1,1,0,0,0,3,2,4,2,4,4,2,4,2,4,0,0,3,1,0,4,2,1,0,1,1,1,1,3,5,1,4,4,4,5,4,1,0,0,0,1,0,2,2,0,2,3,0,1,5,4,4,5,8,0,1,Hubei,1,2,5,4,3,1,1
27789,628,Sichuan,1,0,3,4,1,1,0,0,0,0,0,0,0,0,0,1,3,3,4,2,3,4,4,2,4,2,0,0,2,0,0,4,1,0,1,0,0,0,0,7,3,2,1,2,1,4,2,0,1,1,0,0,0,1,1,1,3,3,3,3,2,2,1,2,4,1,2,Sichuan,0,2,5,4,6,1,3
27790,753,Shanghai,0,0,8,3,2,1,0,0,0,1,0,0,0,0,0,0,3,4,3,2,4,4,4,4,2,3,0,0,3,1,0,4,1,1,1,1,0,1,1,4,8,6,4,4,4,5,4,1,0,1,0,1,0,2,1,1,1,1,2,1,4,4,4,2,8,0,1,Shanghai,0,1,6,1,5,2,2
27791,744,Shandong,1,1,9,4,3,0,0,0,1,0,0,0,1,0,0,0,3,3,4,2,3,4,4,5,2,4,0,0,3,0,0,4,6,1,1,0,0,1,1,1,5,9,4,4,4,5,4,1,0,0,1,1,0,2,1,1,0,2,1,1,4,5,5,4,9,0,5,Shandong,1,2,6,1,6,1,1
27792,366,Fujian,1,1,6,1,3,0,0,0,1,0,0,1,1,0,0,0,3,4,3,3,3,4,4,5,3,3,0,0,3,0,0,4,3,1,1,1,1,1,1,3,8,6,4,4,5,5,4,1,0,0,0,1,0,3,1,0,1,0,1,1,5,5,4,4,9,0,1,Fujian,1,1,4,11,5,4,4
27793,997,Shanghai,1,0,9,3,2,1,0,0,0,0,0,0,0,0,0,1,2,3,2,3,4,4,5,5,3,4,1,2,2,1,0,4,2,1,1,1,1,1,1,8,7,7,4,4,5,5,4,1,0,0,0,1,0,4,1,0,0,1,0,1,5,4,4,5,8,1,3,Shanghai,1,2,5,1,6,1,4
27794,1212,Liaoning,0,1,9,3,3,1,0,0,0,0,0,0,0,0,0,1,1,2,3,2,4,4,4,5,2,4,0,0,2,0,0,4,2,1,1,0,0,0,1,5,8,9,4,4,5,5,4,1,0,0,1,1,0,3,2,0,0,2,0,1,5,5,4,4,8,0,2,Liaoning,1,2,5,1,5,2,2
27795,1051,Jiangsu,1,0,8,3,2,0,0,1,0,0,0,1,0,1,0,0,2,2,2,2,3,4,4,5,3,4,0,0,3,1,1,3,3,1,1,1,1,1,1,8,7,9,4,4,5,4,5,1,0,0,1,1,0,4,1,0,1,0,0,0,4,5,5,4,8,1,2,Hebei,1,1,5,1,6,4,3
27796,491,Hubei,0,0,7,3,3,0,0,0,1,1,0,0,1,0,0,0,3,3,2,2,2,4,4,4,2,3,0,0,3,1,0,4,2,1,1,0,0,0,1,8,7,4,3,3,2,4,3,1,1,1,1,1,0,1,2,2,3,3,2,3,4,3,2,3,8,0,2,Hubei,0,1,5,4,5,1,4
27797,878,Guangdong,0,0,10,3,4,1,1,0,0,1,0,0,1,1,0,0,3,2,4,2,4,4,4,5,1,3,0,0,2,0,0,4,5,1,0,1,1,1,1,6,8,5,4,5,5,4,4,1,0,0,1,1,0,2,0,1,2,3,2,0,5,5,4,3,8,0,2,Guangdong,0,2,5,5,6,1,2
27798,469,Shandong,1,0,3,1,4,0,0,0,1,0,0,0,1,0,0,0,3,3,4,1,3,4,5,4,4,5,0,0,3,1,0,4,2,1,1,1,1,1,1,4,5,8,4,3,4,5,2,1,1,1,1,1,0,2,0,1,0,2,0,1,5,5,5,5,8,0,1,Shandong,0,1,5,11,5,3,4
27799,926,Guangdong,1,1,6,4,2,0,0,0,1,0,0,0,0,0,0,1,2,3,3,3,2,4,5,4,3,4,0,0,2,1,0,2,3,1,1,0,0,1,1,5,7,4,4,4,4,5,3,1,1,0,1,1,0,2,1,1,2,3,0,1,4,4,4,5,8,0,1,Guangdong,0,1,4,7,2,4,3
27800,812,Henan,1,1,8,3,1,0,0,0,1,0,0,0,0,0,0,1,2,4,3,3,4,4,4,4,4,3,0,0,2,0,0,4,1,1,1,0,1,0,1,10,9,1,2,1,1,5,1,0,1,1,1,0,0,1,2,1,2,3,2,3,1,1,1,2,9,0,4,Henan,1,2,6,7,6,2,4
27801,772,Liaoning,0,1,8,4,2,1,0,0,0,0,0,0,1,0,0,0,3,3,2,2,4,4,4,5,3,4,0,0,3,1,0,4,3,1,1,1,1,1,1,7,8,9,4,4,4,5,4,1,0,1,0,1,0,2,1,0,0,1,0,1,4,5,4,5,9,1,3,Liaoning,1,2,4,1,7,1,4
27802,862,Guangdong,1,0,9,2,3,1,0,0,0,0,0,0,0,0,1,0,3,3,4,2,3,4,5,5,4,4,0,0,3,0,0,4,4,1,1,1,1,1,1,7,5,1,4,4,4,5,5,1,1,1,1,1,0,2,0,1,2,3,0,2,5,5,4,5,8,1,2,Guangdong,0,2,5,4,6,1,3
27803,489,Sichuan,0,1,8,4,2,1,0,0,0,0,0,0,1,0,0,0,2,2,3,2,2,4,4,4,3,4,0,0,2,0,1,4,1,1,1,1,1,1,1,2,3,3,5,5,3,4,3,1,1,1,1,1,0,2,0,0,2,0,0,0,4,5,4,5,6,0,2,Sichuan,1,2,4,4,3,2,4
27804,958,Chongqing,1,0,3,4,4,1,1,0,0,1,0,0,1,0,1,0,4,3,4,2,4,4,4,5,2,4,0,0,3,1,1,4,6,1,1,0,0,0,1,9,10,8,5,5,4,5,4,1,0,0,1,1,0,1,2,1,3,2,3,2,5,4,5,4,6,1,3,Sichuan,1,2,5,4,6,1,1
27805,832,Henan,1,0,6,3,2,1,0,0,0,0,0,0,0,1,0,0,3,3,4,3,3,4,4,5,3,3,0,0,3,0,0,4,2,0,0,0,0,1,1,7,6,3,4,2,3,4,2,1,1,0,0,0,0,1,1,1,3,2,2,3,2,4,4,5,8,0,2,Henan,1,2,5,4,5,1,2
27806,935,Zhejiang,1,0,5,4,3,0,0,0,1,1,0,0,1,0,0,0,4,3,4,3,4,4,4,5,3,4,0,0,0,0,0,4,6,1,1,1,1,1,1,5,8,10,4,4,5,4,5,1,0,1,1,1,0,1,2,1,3,2,3,2,4,5,4,5,6,0,1,Zhejiang,1,2,5,4,6,1,4
27807,832,Guangdong,0,1,8,4,3,1,0,0,0,0,0,0,0,0,1,0,3,3,4,2,3,4,4,4,1,3,0,0,3,0,0,4,2,1,1,0,0,0,1,3,4,7,2,4,3,5,4,1,0,1,1,0,0,2,2,1,3,3,1,3,4,4,3,2,7,0,2,Guangdong,0,2,5,4,6,1,2
27808,900,Guangdong,0,1,8,3,2,0,0,0,1,0,0,1,0,0,0,0,3,3,4,2,4,4,4,4,2,3,0,0,3,0,0,4,2,1,1,0,0,0,1,4,6,7,2,3,4,4,4,1,1,0,0,0,0,2,2,2,3,3,2,3,4,2,3,4,6,0,2,Guangdong,0,1,5,4,5,1,2
27809,549,Guangdong,1,1,6,4,1,0,0,0,1,0,0,0,0,0,0,1,2,3,3,2,3,4,4,4,3,3,1,2,3,0,0,4,2,1,1,1,1,1,1,7,5,4,4,4,5,4,4,1,1,0,1,1,0,4,2,1,2,3,1,2,4,5,4,5,9,1,1,Guangdong,1,1,5,1,6,1,4
27810,442,Jiangsu,0,0,9,1,4,0,0,0,1,0,0,1,1,0,0,0,3,2,3,2,2,3,5,5,3,4,0,0,3,1,0,4,2,1,1,1,1,1,1,4,5,6,4,5,4,4,4,1,0,0,1,1,0,1,2,2,2,2,1,2,4,4,3,3,8,0,1,Jiangsu,1,1,4,11,5,4,4
27811,449,Hebei,1,0,9,4,4,1,0,0,0,0,1,1,1,0,1,0,3,4,3,2,3,4,4,5,4,4,1,3,3,1,0,4,3,1,1,0,0,1,1,9,10,4,4,4,5,5,3,1,0,1,1,1,0,2,1,0,3,1,1,1,4,4,5,4,7,0,2,Hebei,1,2,3,4,6,1,3
27812,951,Guangdong,1,1,8,4,4,1,0,0,0,0,0,0,1,0,0,0,2,3,2,3,4,4,4,5,3,4,0,0,3,0,0,4,2,1,1,1,1,1,1,4,5,7,4,4,4,5,5,1,1,1,0,1,0,2,2,1,2,3,2,1,5,4,4,5,9,1,2,Guangdong,0,2,5,4,6,1,3
27813,417,Fujian,1,0,5,3,2,0,0,0,1,0,0,0,0,0,0,1,2,4,3,2,3,4,5,4,2,3,0,0,1,0,0,4,6,0,1,0,1,1,1,3,7,8,4,4,3,3,4,1,1,0,0,1,0,2,3,3,2,1,1,1,4,2,3,4,7,1,2,Fujian,0,2,5,4,7,1,4
27814,849,Jilin,1,0,9,3,2,1,0,0,0,1,0,0,0,0,1,0,3,3,2,2,3,3,5,5,3,4,0,0,3,1,1,4,1,1,1,0,1,0,1,7,8,5,4,4,3,5,4,1,0,0,0,1,0,2,1,1,2,2,1,2,4,2,4,4,10,1,2,Jilin,0,2,6,2,5,2,2
27815,797,Sichuan,1,0,9,4,4,1,1,0,0,0,0,0,0,1,0,0,2,4,2,1,4,4,4,4,3,3,0,0,3,0,1,4,2,1,1,0,0,0,1,9,9,9,3,4,4,5,4,1,0,0,0,1,0,2,1,0,2,2,3,1,4,3,4,4,8,0,2,Sichuan,1,2,5,4,6,1,1
27816,372,Shanxi,0,1,9,3,4,1,0,0,0,0,0,0,0,0,0,1,3,4,3,2,4,4,4,5,3,4,0,0,3,0,0,4,2,1,1,1,1,1,1,6,9,7,4,4,5,5,4,1,0,0,0,1,0,2,2,2,2,3,1,1,5,4,4,5,7,0,2,Shanxi,1,1,5,4,3,4,3
27817,1309,Guangdong,1,1,8,4,4,1,0,0,0,0,0,0,0,0,1,0,2,3,3,2,3,4,4,4,3,4,0,0,3,0,0,4,3,1,1,0,1,0,0,5,8,7,1,4,4,4,5,1,0,0,0,1,0,4,0,0,1,1,1,1,4,5,5,4,10,0,2,Guangdong,1,2,6,4,7,1,3
27818,449,Shanghai,1,0,6,2,2,0,0,0,1,0,0,0,0,0,0,1,3,2,2,2,2,3,3,4,2,3,0,0,3,0,1,4,3,1,1,1,1,1,1,3,4,6,4,4,2,4,3,1,1,1,1,0,0,2,2,1,2,2,2,2,3,3,2,2,4,0,1,Shanghai,1,2,5,2,4,4,4
27819,931,Hunan,0,0,9,4,2,1,0,0,0,0,0,1,0,0,1,0,3,4,3,3,4,4,5,5,2,4,0,0,3,1,1,4,3,1,1,1,1,1,1,3,5,10,5,4,5,4,5,1,1,0,0,1,0,2,3,2,3,3,1,2,5,5,4,5,9,1,2,Hunan,1,2,5,4,6,2,1
27820,936,Guangdong,0,1,8,2,2,0,0,0,1,0,0,1,1,0,0,0,3,3,2,2,3,4,5,4,2,3,0,0,3,0,0,4,4,1,1,1,1,1,1,8,6,7,4,4,4,5,4,1,0,1,0,1,0,2,1,0,2,2,1,0,4,5,4,4,7,0,2,Guangdong,0,1,5,4,4,4,3
27821,552,Hebei,1,1,9,3,2,1,0,0,0,0,0,0,0,1,0,0,2,3,2,4,3,4,4,5,3,4,0,0,3,1,0,4,2,1,0,1,0,1,1,1,2,4,4,4,5,4,5,1,0,0,0,1,0,2,0,0,1,2,0,0,5,4,5,5,9,1,2,Hebei,1,2,5,4,4,1,4
27822,437,Hebei,0,1,3,4,3,0,0,0,1,0,0,0,0,0,0,1,3,3,3,2,4,4,4,5,4,3,0,0,3,1,0,4,1,1,1,0,0,0,1,6,4,4,2,2,1,4,2,0,1,1,1,0,0,1,1,1,2,3,3,1,3,1,4,3,8,0,1,Hebei,1,1,5,2,6,4,3
27823,813,Shaanxi,1,0,6,3,2,0,0,0,1,0,0,0,0,0,0,1,2,2,3,2,2,2,4,4,3,3,0,0,2,0,0,4,3,1,1,0,1,0,1,3,5,7,4,4,3,5,3,1,1,0,0,1,0,3,1,0,1,2,0,1,5,4,4,3,7,1,2,Shaanxi,1,1,5,4,5,1,3
27824,725,Jilin,1,1,8,3,3,1,1,0,0,0,0,1,1,0,0,0,3,4,2,4,4,4,5,5,2,5,0,0,3,1,1,4,5,1,1,1,1,0,1,7,10,10,5,5,4,5,2,1,0,0,0,1,0,4,2,1,1,3,1,3,4,5,5,5,10,1,1,Jilin,1,1,4,1,4,1,4
27825,924,Jiangsu,0,0,9,4,4,1,1,0,0,0,0,0,0,0,0,1,2,2,2,3,4,4,4,5,3,2,0,0,3,0,0,4,3,1,1,0,0,1,1,5,8,10,4,4,4,4,5,1,0,0,0,1,0,2,0,1,1,1,2,2,5,5,4,5,6,1,2,Jiangsu,1,2,6,1,6,2,3
27826,1082,Guangxi,0,0,9,4,3,1,0,0,0,1,0,1,1,0,0,0,4,4,3,2,3,4,4,4,2,4,0,0,3,0,0,4,4,1,0,1,1,1,1,7,9,9,4,4,5,4,4,1,1,0,0,1,0,4,3,2,3,2,2,3,4,5,4,4,6,0,2,Guangxi,1,2,5,4,5,1,1
27827,917,Tianjin,1,0,9,3,2,1,0,0,0,0,0,0,0,0,0,1,3,3,2,1,4,4,4,5,3,4,0,0,3,1,0,4,1,1,1,1,1,1,1,5,5,8,5,4,5,5,4,1,0,1,1,1,0,1,1,0,3,1,2,0,4,5,4,3,7,0,2,Tianjin,1,2,5,4,6,1,2
27828,822,Shanxi,0,1,8,4,2,1,1,0,0,0,0,0,1,0,0,0,2,4,4,2,3,4,4,4,3,5,0,0,3,1,1,4,6,1,1,0,1,1,1,2,9,10,4,5,5,4,2,1,1,1,1,1,0,4,2,0,0,1,1,0,5,4,5,4,9,1,1,Shanxi,1,1,5,11,4,4,4
27829,687,Hunan,1,1,8,3,2,1,0,0,0,0,0,0,0,0,0,1,2,3,4,2,4,4,4,5,2,4,0,0,3,1,0,4,3,1,0,1,1,1,1,4,8,8,4,4,4,5,5,1,0,0,0,1,0,3,2,0,1,2,1,1,4,5,5,4,9,0,2,Hunan,1,2,5,4,6,1,3
27830,803,Guangdong,0,1,8,4,4,1,1,0,0,0,0,0,1,0,0,0,2,2,1,2,4,4,4,5,2,5,0,0,3,0,0,4,1,1,1,1,1,1,1,8,7,9,4,4,4,5,4,0,0,0,0,1,0,1,0,0,3,2,0,2,4,4,5,4,8,0,2,Guangdong,1,2,5,4,6,1,1
27831,646,Jiangsu,1,0,9,4,0,1,0,0,0,0,0,0,0,0,0,1,2,2,1,3,4,4,4,5,2,4,0,0,2,1,0,4,2,1,1,1,0,1,1,1,2,9,5,4,5,5,4,1,0,0,1,1,0,4,0,0,1,1,0,2,5,4,5,5,9,1,2,Jiangsu,1,2,5,1,7,2,4
27832,911,Henan,1,1,8,4,4,0,1,0,0,0,0,0,0,0,0,1,3,3,2,2,3,4,3,4,2,4,0,0,3,0,0,4,3,0,1,0,0,0,1,1,6,4,4,2,5,5,5,1,0,0,0,1,0,3,1,0,2,0,2,0,5,5,5,5,10,0,1,Henan,1,1,5,11,7,4,3
27833,624,Sichuan,0,0,9,2,0,0,0,0,1,0,0,0,0,0,0,1,2,2,1,4,3,4,5,5,1,4,0,0,3,0,0,4,1,1,1,1,1,1,1,1,3,4,4,4,4,5,5,1,0,0,0,1,0,4,1,1,1,0,0,1,4,5,5,4,9,1,2,Sichuan,1,1,5,4,4,1,2
27834,727,Heilongjiang,0,0,9,4,3,0,1,0,0,0,0,0,1,0,0,0,2,3,2,3,3,4,4,4,3,3,0,0,3,1,0,4,3,1,1,0,0,1,0,4,7,10,4,4,4,5,4,1,0,0,0,1,0,2,1,0,2,2,0,1,5,4,4,3,6,1,1,Heilongjiang,1,1,5,11,4,1,4
27835,748,Guangdong,1,1,8,4,4,1,1,0,0,0,0,0,1,1,0,0,4,4,3,2,4,4,4,5,3,4,0,0,3,0,0,4,4,1,1,1,1,1,1,2,4,6,4,4,4,5,4,1,0,0,0,1,0,4,1,2,3,2,2,3,4,4,5,4,9,0,1,Guangdong,1,1,5,4,5,4,2
27836,891,Inner Mongolia,1,0,6,3,2,0,0,0,1,0,0,1,1,0,0,0,3,3,4,3,2,4,4,4,3,4,0,0,3,0,0,4,2,1,1,0,0,0,0,9,10,3,2,3,2,4,3,0,1,0,1,0,0,2,1,0,0,3,3,3,2,3,3,2,6,0,1,Inner Mongolia,1,1,5,11,4,4,4
27837,442,Henan,0,1,9,3,2,0,0,0,1,0,0,0,0,0,0,1,1,3,3,3,4,4,5,5,2,4,0,0,3,1,0,4,1,1,1,0,0,1,1,2,3,9,4,5,4,4,5,1,0,0,0,1,0,3,0,0,1,3,1,2,4,5,5,5,10,0,1,Henan,1,1,5,2,4,2,2
27838,1053,Shanxi,1,1,9,4,2,1,0,0,0,0,0,0,0,0,0,1,3,3,4,2,4,4,5,4,4,5,0,0,3,0,0,4,2,1,0,1,1,1,1,7,8,9,5,4,5,4,4,1,0,0,0,1,0,2,1,0,2,3,2,2,4,5,4,5,9,1,3,Shanxi,1,2,6,1,7,2,1
27839,484,Anhui,0,1,8,3,3,1,0,0,0,0,0,0,0,0,1,0,2,3,3,2,3,4,5,4,3,4,0,0,2,1,0,4,1,1,1,0,0,1,1,1,3,6,2,5,5,4,5,1,0,0,0,1,0,3,1,0,2,1,0,0,4,4,5,5,8,1,2,Anhui,0,2,5,4,5,4,2
27840,983,Shaanxi,1,0,6,4,2,0,1,0,0,1,0,0,1,0,0,0,1,1,1,3,4,4,5,5,4,4,0,0,2,0,0,4,6,1,1,1,1,1,1,3,7,9,4,5,5,5,4,1,0,0,0,1,0,4,1,0,2,0,0,1,5,5,5,5,8,0,2,Shaanxi,1,2,4,4,3,4,3
27841,604,Jiangxi,1,0,6,1,3,0,0,0,1,0,0,1,0,0,0,1,2,2,3,3,2,4,4,4,2,3,0,0,3,0,0,4,2,1,0,1,1,1,1,4,6,7,4,4,3,4,4,1,0,0,0,1,0,3,1,1,2,2,1,1,4,5,5,4,7,0,1,Jiangxi,0,1,5,11,6,4,4
27842,725,Shaanxi,1,0,8,4,2,1,0,0,0,0,0,1,0,0,0,0,4,4,3,2,4,4,5,5,1,4,0,0,3,1,0,4,2,1,1,0,1,1,1,5,7,10,5,4,5,5,5,1,0,1,1,1,0,2,2,1,3,3,1,1,5,4,4,4,10,1,2,Shaanxi,1,2,5,1,7,1,4
27843,1201,Hebei,0,0,3,4,2,0,0,0,1,0,0,0,1,0,0,0,3,4,4,2,3,4,4,5,2,4,0,0,3,0,0,4,2,1,1,1,0,0,1,4,5,8,4,4,5,4,3,1,0,1,0,1,0,1,1,0,2,2,3,1,4,5,2,2,7,0,4,Hebei,1,2,5,1,5,1,3
27844,355,Henan,1,0,8,1,4,0,0,0,1,0,0,0,0,1,1,0,3,3,3,2,4,4,2,4,2,2,0,0,3,0,0,4,2,1,0,0,0,0,1,6,10,2,1,4,1,5,2,0,1,0,1,0,0,1,2,1,3,2,1,1,2,1,2,2,1,0,2,Henan,0,1,6,11,4,4,4
27845,703,Guizhou,1,0,8,4,2,1,0,0,0,0,0,0,0,0,0,1,2,3,3,2,4,4,5,5,3,4,0,0,3,0,0,4,5,1,1,0,1,0,1,4,7,8,5,4,5,4,4,1,0,0,0,1,0,4,1,0,1,2,2,1,4,5,5,4,10,0,2,Guizhou,1,2,5,4,7,2,1
27846,491,Anhui,0,1,9,3,3,1,0,0,0,0,0,0,1,0,1,0,2,3,4,3,4,4,4,5,3,3,0,0,2,1,0,4,3,1,1,1,1,1,1,3,7,6,4,5,4,5,4,1,0,0,0,1,0,2,1,2,1,2,1,2,4,4,5,5,10,1,2,Anhui,1,2,5,4,5,4,3
27847,456,Heilongjiang,1,0,9,4,4,1,1,0,0,1,0,0,1,0,0,0,3,3,4,3,4,4,4,5,4,4,0,0,3,1,1,4,3,1,0,0,1,1,1,2,6,8,4,4,5,5,4,1,0,0,0,1,0,2,0,1,1,1,0,0,4,5,4,5,8,0,3,Heilongjiang,1,2,6,5,7,2,2
27848,607,Zhejiang,1,0,6,4,2,0,0,0,1,0,0,0,1,0,0,0,2,3,3,3,4,4,5,4,4,3,0,0,3,1,0,4,2,1,1,0,1,0,1,3,5,4,3,2,1,5,3,0,1,1,0,1,0,2,1,0,0,3,2,2,3,3,4,3,7,0,1,Zhejiang,1,1,6,11,5,4,3
27849,1174,Heilongjiang,0,0,9,4,4,1,1,0,0,0,0,0,1,0,0,0,3,3,3,2,4,4,5,4,2,4,0,0,3,1,1,4,2,1,1,1,1,1,1,5,8,7,4,5,4,5,4,1,0,0,0,1,0,4,1,0,2,2,1,0,4,4,5,4,4,0,2,Heilongjiang,1,2,5,1,7,1,3
27850,874,Hubei,1,0,9,3,2,0,0,0,1,0,0,0,0,0,0,1,2,1,3,4,4,4,4,4,2,4,0,0,3,1,0,4,1,1,1,1,1,1,1,3,4,6,4,5,4,4,5,1,0,0,0,1,0,3,0,0,0,2,0,0,5,5,4,5,8,0,3,Hubei,1,2,4,4,6,1,3
27851,944,Shanxi,0,1,9,4,4,1,0,0,0,0,0,1,1,0,1,0,3,2,3,2,4,4,4,5,3,4,1,1,3,1,1,4,1,1,1,0,0,0,1,7,8,9,4,4,2,5,4,1,0,0,0,1,0,4,1,2,1,2,0,1,5,4,5,4,8,0,2,Shanxi,1,2,6,1,7,2,1
27852,787,Guangdong,0,0,8,4,2,1,1,0,0,0,0,0,1,0,0,0,3,3,3,3,3,3,5,5,2,4,0,0,2,0,0,4,4,1,0,1,1,1,1,3,5,7,4,4,5,4,5,1,0,1,1,1,0,4,2,1,2,2,1,1,4,5,5,4,8,0,2,Guangdong,1,2,5,4,5,4,1
27853,619,Zhejiang,1,0,8,2,0,0,0,0,1,0,0,0,0,0,0,1,1,2,2,2,4,4,4,5,2,4,0,0,3,0,0,4,2,1,0,1,1,1,1,1,4,7,4,4,5,5,4,1,0,0,1,1,0,3,1,0,1,2,0,0,5,5,5,5,10,1,2,Zhejiang,1,1,5,4,5,4,3
27854,1076,Jiangxi,0,0,8,4,2,0,1,0,0,0,0,0,0,0,0,1,2,2,3,3,3,4,4,5,1,4,0,0,3,1,0,4,1,0,0,0,0,1,1,3,7,9,4,4,4,5,4,1,0,0,0,1,0,2,1,0,2,3,1,1,4,5,5,4,7,1,4,Jiangxi,0,2,7,4,6,1,1
27855,634,Zhejiang,1,1,8,2,0,0,0,0,1,0,0,0,0,0,0,1,1,2,2,2,4,4,4,5,2,4,0,0,3,0,0,4,2,1,0,1,1,1,1,1,4,7,4,4,5,5,4,1,0,0,1,1,0,3,1,0,1,2,0,0,5,5,5,5,10,1,1,Zhejiang,1,1,4,4,5,4,3
27856,917,Shanghai,0,0,8,3,2,0,0,0,1,0,0,0,0,0,0,1,2,3,2,3,4,3,4,5,2,3,0,0,3,0,0,4,3,0,1,0,0,1,1,3,5,7,4,5,4,5,4,1,0,0,0,1,0,2,3,0,1,2,1,2,5,4,2,3,8,1,3,Shanghai,1,2,6,1,7,1,2
27857,663,Guangdong,0,0,9,3,2,0,0,0,1,0,0,0,0,1,0,0,2,2,3,2,2,4,4,5,3,4,0,0,3,0,0,4,5,1,1,1,1,1,1,10,9,8,4,3,4,5,5,1,0,1,1,1,0,2,0,0,2,2,1,2,5,4,4,3,7,0,2,Guangdong,1,1,5,1,3,4,3
27858,389,Beijing,0,0,6,3,2,0,0,0,1,0,0,1,1,0,0,0,3,2,3,3,3,4,4,3,2,3,0,0,3,0,0,4,3,1,1,0,1,1,1,7,9,5,4,3,2,4,3,1,1,1,1,1,0,2,1,2,0,1,0,1,3,3,4,3,5,0,1,Beijing,1,1,5,11,4,4,3
27859,891,Guangdong,0,0,9,4,4,1,1,0,0,0,0,0,0,0,0,1,3,3,2,3,4,4,4,5,2,4,0,0,3,0,0,4,3,1,1,1,1,1,1,6,8,9,4,5,4,4,5,1,0,0,0,1,0,3,2,0,1,3,1,2,4,5,4,5,8,1,2,Beijing,1,2,5,4,7,1,1
27860,581,Shaanxi,0,1,8,4,4,1,0,0,0,0,0,0,0,0,0,1,2,2,2,2,4,4,4,5,3,4,0,0,3,1,1,4,1,1,1,1,1,1,1,8,9,9,4,4,5,5,4,1,1,0,0,1,0,2,1,1,0,3,0,1,5,4,5,5,10,0,2,Shaanxi,1,1,5,2,5,1,3
27861,333,Jilin,1,0,3,1,4,0,0,0,1,0,0,0,1,0,0,0,2,2,2,2,4,4,4,4,2,2,0,0,3,1,0,4,3,1,1,1,1,1,1,7,4,2,3,4,3,4,2,1,1,1,1,1,0,1,2,0,0,2,1,3,2,4,1,4,9,0,1,Jilin,0,1,5,11,5,3,2
27862,595,Sichuan,1,1,6,1,3,0,0,0,1,0,0,0,0,0,0,1,2,3,3,2,3,4,4,5,3,4,0,0,3,0,0,4,4,1,1,0,1,1,1,8,7,6,4,4,2,5,4,1,1,0,0,1,0,2,0,0,0,2,1,0,5,4,5,3,8,0,1,Sichuan,1,1,5,11,6,4,3
27863,956,Shandong,1,0,3,3,2,1,0,0,0,0,0,0,1,0,0,0,3,4,3,3,4,4,3,4,3,3,0,0,2,0,0,2,4,0,1,0,0,0,1,6,8,5,2,2,3,4,2,0,1,1,0,0,0,1,1,1,1,3,1,2,4,2,2,2,7,1,2,Shandong,1,2,5,1,5,1,3
27864,570,Shanxi,1,1,6,3,3,1,0,0,0,0,0,0,0,1,1,0,3,3,4,2,4,4,4,4,2,2,0,0,2,1,0,4,2,1,1,0,0,1,1,2,3,6,4,4,2,5,2,1,1,0,1,1,0,2,2,1,3,2,2,3,4,4,2,2,6,1,2,Shanxi,0,2,5,4,5,1,2
27865,1047,Guangxi,1,1,9,4,4,1,0,0,0,0,0,0,0,0,0,1,2,3,3,2,3,4,5,4,3,4,0,0,3,1,0,4,3,1,0,1,1,1,1,6,7,9,4,4,4,5,5,1,0,0,0,1,0,2,1,0,1,2,2,1,5,4,5,5,8,1,3,Guangxi,0,2,5,1,6,1,2
27866,1014,Shanxi,1,1,9,4,4,1,1,0,0,0,0,0,0,0,0,1,2,2,3,2,4,4,4,5,3,4,1,2,3,1,1,3,4,1,1,1,1,1,1,5,6,8,4,4,5,4,5,1,1,1,1,1,0,4,2,2,3,2,1,1,4,4,4,4,9,1,3,Shanxi,1,2,5,2,4,1,4
27867,657,Fujian,1,1,9,4,4,1,1,0,0,0,0,0,1,0,1,0,3,3,2,3,3,4,5,5,4,4,0,0,2,0,0,4,5,1,1,1,1,1,1,1,4,7,4,4,5,4,5,1,1,1,1,1,0,3,1,0,0,2,1,1,5,5,4,5,6,0,2,Fujian,0,1,5,4,4,2,1
27868,542,Guangdong,0,1,10,3,3,1,1,0,0,0,0,0,1,0,0,0,2,3,3,2,4,4,4,4,2,5,0,0,3,1,0,4,3,1,1,1,1,1,1,5,7,4,4,4,5,5,4,1,0,0,1,1,0,2,0,1,2,1,1,2,4,4,5,4,9,1,2,Guangdong,1,2,4,4,5,5,1
27869,876,Guangdong,1,1,9,1,4,0,0,0,1,0,0,0,1,0,0,0,3,3,4,2,3,4,4,4,3,3,0,0,3,1,0,1,5,0,0,1,1,1,1,5,7,4,4,4,3,5,3,1,0,0,0,1,0,2,1,1,1,3,1,2,4,5,4,4,7,0,1,Guangdong,1,1,5,11,3,4,3
27870,472,Tianjin,0,1,7,3,2,1,0,0,0,1,0,0,0,0,0,0,2,2,3,2,4,4,4,4,3,3,0,0,3,0,0,4,1,1,1,0,0,0,1,5,6,3,2,3,3,4,2,0,1,1,1,1,0,2,0,0,2,1,2,2,4,3,3,3,8,0,2,Tianjin,1,2,5,4,3,1,4
27871,1006,Jiangxi,0,1,9,4,1,0,0,0,1,0,0,0,0,0,0,1,1,1,2,4,3,4,4,5,2,4,0,0,3,1,0,4,1,0,0,0,1,0,1,3,5,8,5,4,5,5,4,1,0,0,1,1,0,1,1,2,2,3,1,0,5,4,4,5,9,1,4,Jiangxi,1,2,5,3,5,1,1
27872,866,Guangdong,1,1,6,2,2,0,0,0,1,0,0,0,0,0,0,1,2,2,3,3,3,4,3,4,3,3,0,0,3,1,0,4,3,1,1,0,0,1,1,4,6,9,4,4,4,5,4,1,1,0,0,1,0,2,1,1,2,2,1,2,4,4,4,5,6,0,2,Guangdong,0,1,3,4,3,1,4
27873,645,Anhui,1,1,3,4,3,1,0,0,0,0,0,0,0,0,0,1,2,2,3,3,4,4,4,3,3,2,0,0,2,0,0,4,2,1,0,1,0,1,1,3,4,5,2,2,3,5,2,0,1,1,0,0,0,2,1,1,2,3,3,3,3,3,1,2,3,1,2,Anhui,0,2,6,2,6,1,3
27874,384,Sichuan,1,0,6,3,2,0,0,0,1,0,0,0,0,0,0,1,3,3,4,3,3,4,4,5,3,4,0,0,3,1,0,4,2,1,1,1,1,1,1,8,8,6,3,4,4,4,5,1,1,0,1,1,0,2,1,1,3,3,2,2,4,5,5,3,6,0,1,Sichuan,1,1,5,11,6,4,1
27875,631,Shaanxi,1,1,9,4,4,1,1,0,0,0,0,0,1,0,0,0,2,2,2,3,3,4,4,5,2,4,0,0,3,1,0,4,4,1,1,0,1,1,1,4,7,10,4,4,5,4,5,1,0,0,1,1,0,3,1,2,2,1,1,0,4,4,4,5,8,1,2,Shaanxi,0,2,6,1,6,2,3
27876,595,Shandong,1,0,8,4,3,1,0,0,0,0,0,0,0,0,1,0,1,2,1,1,4,4,4,5,3,5,0,0,3,0,0,4,3,1,1,1,1,1,1,8,8,3,4,5,5,4,5,1,0,0,0,1,0,3,0,0,1,1,1,2,5,5,5,5,9,1,1,Shandong,1,2,5,1,5,1,3
27877,451,Zhejiang,0,1,6,4,2,0,0,0,1,0,0,1,1,0,0,0,3,3,2,2,3,4,4,5,2,4,0,0,2,0,0,4,2,1,1,0,0,1,1,5,9,4,4,4,3,5,4,1,0,1,1,1,0,2,0,0,1,1,1,1,5,4,4,5,9,0,1,Zhejiang,1,1,6,4,7,2,4
27878,708,Liaoning,0,1,9,3,3,1,0,0,0,0,0,0,0,0,0,1,3,4,3,2,4,4,5,4,3,4,0,0,3,1,0,4,1,1,1,1,1,1,1,3,7,9,4,4,5,5,4,1,0,1,1,1,0,2,2,1,1,3,1,2,5,5,4,5,8,1,2,Liaoning,1,2,5,7,6,4,4
27879,623,Yunnan,0,1,8,4,4,1,1,0,0,1,0,1,1,0,0,0,3,4,3,2,4,4,3,4,3,4,0,0,3,0,0,4,4,1,1,1,0,1,0,5,7,8,4,4,5,4,4,1,1,0,0,0,0,2,2,2,3,2,2,3,4,4,5,4,9,1,2,Yunnan,1,2,5,4,5,4,1
27880,542,Zhejiang,0,1,8,4,2,1,0,0,0,0,0,0,0,0,0,1,2,2,2,2,4,4,5,5,4,4,0,0,3,0,0,4,1,1,1,0,0,0,1,4,6,3,2,2,2,4,2,0,1,1,0,0,0,2,2,0,2,1,1,1,4,2,2,2,7,1,2,Zhejiang,1,2,5,4,6,1,2
27881,741,Zhejiang,0,1,8,4,4,1,1,0,0,1,0,1,1,0,0,0,2,2,3,2,4,4,4,5,4,4,0,0,3,1,0,4,4,1,1,1,1,1,1,7,9,9,5,5,5,5,4,1,0,0,0,1,0,3,0,0,0,0,0,0,5,5,5,5,9,1,2,Zhejiang,1,2,3,4,5,1,4
27882,354,Chongqing,0,1,5,2,1,0,0,0,1,0,0,0,0,0,0,1,3,3,3,3,3,4,4,4,2,4,0,0,3,0,0,4,3,1,1,0,0,1,1,3,6,8,4,3,3,4,4,1,0,0,0,1,0,2,1,0,1,1,1,0,5,4,4,3,8,1,1,Chongqing,0,1,5,1,5,4,3
27883,488,Fujian,1,1,9,1,2,0,0,0,1,0,0,1,0,0,1,0,3,3,3,2,2,4,4,5,2,4,0,0,3,1,0,4,4,0,0,0,0,1,1,1,8,10,4,4,4,5,2,1,0,0,0,1,0,2,0,1,2,3,0,1,4,4,4,4,8,0,1,Fujian,0,1,5,1,6,4,3
27884,906,Zhejiang,0,1,9,4,4,1,1,0,0,0,0,1,1,0,0,0,2,3,3,2,3,4,4,5,3,4,0,0,3,0,0,4,3,1,1,1,1,1,1,5,6,10,5,4,5,5,5,1,1,1,1,1,0,2,1,1,2,3,1,2,5,4,4,4,10,1,3,Zhejiang,0,2,5,4,5,4,1
27885,565,Guangdong,1,1,8,4,4,1,0,0,0,0,0,0,0,0,0,1,2,2,2,3,2,3,5,4,3,4,0,0,3,0,0,4,5,1,1,1,1,1,1,4,3,6,4,4,4,5,4,1,0,0,1,1,0,2,0,0,1,2,0,2,4,5,4,4,9,0,3,Guangdong,1,2,6,4,7,1,3
27886,866,Guangdong,0,0,9,4,4,0,0,0,1,1,0,0,1,1,0,0,3,3,2,2,3,4,5,4,3,4,0,0,3,1,1,4,3,1,1,1,1,1,1,0,5,10,5,4,5,4,5,1,0,0,1,1,0,4,0,0,0,0,1,1,5,4,5,5,9,0,1,Guangdong,0,1,5,4,7,4,4
27887,673,Guangdong,0,0,8,4,4,1,1,0,0,0,0,1,1,0,0,0,2,3,2,3,4,4,4,5,2,3,0,0,3,0,0,4,1,1,1,1,1,1,1,9,7,8,4,5,5,4,5,1,0,0,0,1,0,2,1,2,2,3,2,3,4,5,4,4,8,1,3,Guangdong,0,2,5,4,6,1,1
27888,920,Jiangsu,1,1,3,4,2,0,0,0,1,1,0,0,0,1,0,0,3,4,3,2,4,4,4,5,3,4,0,0,3,1,0,4,3,1,0,1,1,0,1,7,5,8,4,4,5,5,4,1,0,0,0,1,0,2,1,0,1,2,1,1,4,4,5,4,8,0,3,Jiangsu,1,2,5,1,6,1,3
27889,710,Hunan,0,1,3,1,0,0,0,0,1,0,0,0,0,0,0,1,1,2,2,3,4,4,4,5,4,3,0,0,3,1,1,4,2,1,1,0,1,0,1,5,6,6,2,3,4,5,4,1,0,0,0,1,0,3,1,0,0,2,2,3,4,4,3,4,10,1,2,Beijing,1,1,7,11,6,2,2
27890,658,Yunnan,1,0,9,4,2,0,0,0,1,0,0,0,0,0,0,1,2,2,3,2,4,4,4,5,2,4,0,0,3,0,0,4,3,1,1,1,1,1,1,2,5,7,4,4,4,5,4,1,1,1,1,1,0,2,0,0,0,2,0,1,4,5,4,4,7,1,2,Yunnan,0,1,5,1,5,3,3
27891,667,Hebei,0,0,9,3,3,1,0,0,0,0,0,1,0,1,0,0,3,3,3,2,4,4,4,5,3,4,0,0,3,1,1,4,3,1,1,1,1,1,1,5,6,7,4,4,5,4,5,1,0,0,0,1,0,2,1,1,1,3,1,2,5,2,4,4,9,1,2,Hebei,1,2,5,3,4,2,4
27892,340,Guangdong,1,1,8,3,3,1,0,0,0,0,0,0,1,0,0,0,3,3,3,4,4,4,4,4,3,4,0,0,3,1,1,4,4,1,1,1,1,1,1,8,6,6,4,5,4,5,4,1,0,0,0,1,0,4,2,3,3,2,2,2,4,4,4,4,7,0,2,Guangdong,1,2,5,4,6,1,3
27893,695,Shanghai,0,1,8,3,1,0,0,0,1,0,0,0,0,0,0,1,3,4,3,2,4,4,4,5,3,4,0,0,2,1,0,2,1,1,0,1,1,1,1,5,3,8,4,4,4,5,4,1,0,0,1,1,0,1,2,1,2,3,1,2,5,4,4,5,9,1,2,Shanghai,0,1,5,4,6,4,2
27894,805,Hunan,1,0,9,4,2,1,0,0,0,0,0,0,0,0,0,1,2,3,2,2,3,4,5,5,2,4,0,0,3,1,0,4,3,1,1,1,1,1,1,6,4,9,4,4,5,5,4,1,0,0,0,1,0,2,1,1,2,1,3,1,4,5,4,5,8,0,2,Hunan,1,2,6,4,6,1,1
27895,774,Beijing,1,1,5,3,3,1,0,0,0,0,0,1,0,0,0,0,3,2,3,3,3,3,4,5,2,4,1,1,3,1,1,2,2,0,0,0,1,0,1,5,7,5,4,4,3,5,4,0,1,0,0,1,0,4,3,3,1,1,0,1,4,5,4,4,8,0,3,Beijing,1,2,5,4,7,1,2
27896,729,Zhejiang,0,1,9,1,3,1,1,1,0,1,1,1,1,1,1,0,3,3,2,2,2,4,4,4,4,3,0,0,3,0,0,4,4,1,1,1,1,1,1,7,6,5,2,4,5,5,4,1,1,1,1,1,0,2,0,0,1,2,1,2,5,5,5,4,8,0,1,Zhejiang,1,1,5,11,4,4,4
27897,694,Jiangsu,1,0,8,4,2,0,0,0,1,0,0,0,0,0,0,1,3,3,3,2,4,4,4,3,4,3,0,0,3,1,0,4,4,1,1,0,0,0,1,2,2,2,2,2,1,5,2,0,1,1,0,1,0,1,1,1,1,3,2,1,3,1,2,2,8,0,4,Jiangsu,1,2,5,5,7,1,4
27898,799,Liaoning,0,0,9,3,2,0,0,0,1,0,0,0,0,0,0,1,2,1,1,4,2,4,4,4,2,4,0,0,3,0,0,2,5,0,0,0,1,1,1,4,8,9,2,4,5,4,5,1,0,0,0,1,0,4,0,0,1,2,0,0,4,5,4,4,7,1,2,Beijing,1,2,5,1,5,1,1
27899,735,Jiangsu,0,1,8,4,3,1,0,0,0,0,0,0,0,0,0,1,1,2,1,3,3,4,5,5,4,4,0,0,3,0,0,4,4,1,1,0,1,1,1,2,6,9,4,4,5,5,4,1,0,0,0,1,0,4,1,0,2,2,1,0,5,4,4,5,10,0,2,Jiangsu,1,2,5,4,6,1,1
27900,744,Hunan,1,1,6,4,2,0,0,0,1,0,0,0,1,0,0,0,3,3,4,2,4,4,4,5,2,4,0,0,3,1,0,4,1,1,0,1,1,1,1,3,4,8,4,5,4,4,5,1,1,0,0,1,0,3,0,0,1,1,1,1,4,5,4,5,8,1,3,Hunan,1,2,5,4,7,1,3
27901,760,Guangdong,1,1,9,3,3,1,0,0,1,0,0,0,0,0,1,1,1,2,3,4,3,4,5,5,4,5,0,0,3,0,0,4,3,1,1,1,1,1,1,5,6,8,4,4,5,5,4,1,0,0,1,1,0,3,0,1,2,2,1,1,5,5,4,5,8,0,2,Guangdong,0,2,5,4,7,4,3
27902,265,Jilin,0,1,5,1,4,0,0,0,1,0,0,0,1,0,0,0,2,2,2,2,4,4,4,4,3,3,0,0,3,1,0,4,2,1,1,1,0,1,1,5,6,7,4,4,4,4,4,1,1,0,0,1,0,2,2,2,2,2,1,2,3,4,2,4,8,0,1,Hebei,0,1,5,12,4,4,4
27903,908,Guangdong,0,1,9,3,3,1,0,0,0,0,0,0,0,0,1,0,2,2,2,4,4,4,4,4,3,3,0,0,3,1,0,4,3,1,1,1,1,1,1,4,6,8,4,3,3,4,3,1,0,1,1,1,0,3,2,0,1,2,0,1,4,4,5,4,7,0,1,Guangdong,0,2,5,1,6,4,3
27904,412,Hunan,1,0,6,1,4,0,0,0,1,1,0,0,0,0,0,0,3,3,3,2,2,4,4,4,3,4,0,0,3,0,0,4,4,1,1,1,1,1,1,0,4,9,5,4,5,5,5,1,1,1,1,1,0,2,0,0,0,2,0,1,4,5,5,4,9,0,1,Hunan,0,1,5,11,5,4,3
27905,459,Sichuan,0,1,9,4,4,0,1,0,0,1,1,1,0,0,0,0,4,4,3,2,4,4,5,5,2,4,0,0,3,1,0,4,2,1,1,1,1,1,1,8,6,3,4,4,4,4,5,1,0,1,1,0,0,2,1,1,2,2,2,3,4,5,5,3,9,0,5,Sichuan,0,2,3,4,6,1,4
27906,714,Hunan,1,0,8,3,2,1,1,0,0,0,0,0,1,0,1,0,3,4,3,2,4,4,4,5,2,3,1,1,3,0,0,4,2,1,1,0,0,1,1,4,6,8,4,5,4,2,4,1,0,0,0,1,0,2,1,0,2,3,1,2,5,4,5,4,9,1,2,Hunan,0,2,5,4,6,2,4
27907,902,Hebei,0,1,8,3,3,1,0,0,0,0,0,0,1,0,0,0,3,4,3,2,4,4,4,5,4,5,0,0,3,1,1,4,1,1,1,1,1,1,1,7,9,9,5,5,4,5,5,1,0,0,0,1,0,2,3,2,1,3,1,1,5,4,5,5,10,0,2,Hebei,1,2,5,4,6,1,2
27908,402,Shanghai,1,1,10,4,0,0,0,0,1,0,0,1,1,0,0,0,3,2,3,2,4,4,3,4,2,4,0,0,3,1,0,4,3,1,1,0,1,1,1,6,7,5,4,4,1,5,4,1,0,1,0,1,0,2,3,0,0,1,3,1,4,3,2,4,8,0,1,Shanghai,0,1,5,11,6,3,2
27909,849,Guangdong,0,1,8,4,4,0,1,0,0,0,0,0,1,0,0,0,3,2,3,2,4,4,5,5,2,4,0,0,3,1,0,4,3,1,1,1,0,1,1,5,8,9,4,5,5,4,5,1,0,0,0,1,0,2,0,0,1,1,0,1,5,4,5,4,9,1,5,Guangdong,1,2,5,4,7,1,1
27910,893,Shandong,0,1,6,3,2,0,0,0,1,0,0,0,0,0,1,0,2,1,3,2,3,4,4,3,4,5,0,0,3,0,0,4,3,1,1,1,1,1,1,3,7,9,5,4,5,4,4,1,0,1,1,1,0,2,2,0,3,2,1,2,5,5,4,3,8,1,2,Shandong,1,2,4,4,5,2,3
27911,648,Hunan,1,1,6,4,2,0,0,0,1,0,0,0,0,0,0,1,2,2,2,2,3,4,4,4,3,4,0,0,3,1,0,1,4,1,1,1,1,1,1,3,5,6,4,4,4,5,4,1,1,1,0,1,0,3,0,0,1,1,1,1,4,4,4,4,6,0,1,Hunan,0,1,5,7,3,4,3
27912,757,Beijing,1,0,6,2,1,0,0,0,1,0,0,0,0,0,0,1,3,4,3,2,4,4,4,4,3,3,0,0,2,0,0,4,4,1,1,1,1,1,1,7,6,5,4,3,3,4,4,1,1,1,1,1,0,1,1,1,2,3,2,2,4,3,3,4,6,0,2,Beijing,0,1,5,4,6,1,1
27913,507,Hubei,1,0,9,4,3,0,1,0,0,0,0,1,1,0,0,0,3,2,3,3,3,4,4,4,3,3,0,0,3,1,1,4,3,0,0,1,0,1,1,6,8,8,4,3,4,5,4,1,1,0,0,1,0,2,2,0,0,2,1,1,4,4,3,2,7,0,1,Hubei,1,1,5,2,5,4,2
27914,384,Shandong,1,0,8,1,2,0,1,1,0,0,0,0,0,0,1,1,3,3,3,3,2,4,5,5,4,4,0,0,3,0,0,4,1,0,1,0,0,0,1,7,10,10,5,5,5,5,5,1,0,0,1,1,0,2,3,0,0,3,1,1,2,5,4,5,10,0,1,Shandong,1,1,5,11,2,4,3
27915,354,Liaoning,0,1,8,1,4,0,0,0,1,0,0,0,0,0,0,1,2,3,3,3,3,4,4,4,3,3,0,0,3,0,0,4,4,1,1,0,0,0,1,7,7,5,4,4,4,5,4,1,0,1,1,1,0,1,1,0,1,1,1,2,4,4,5,4,8,0,1,Liaoning,0,1,5,11,5,4,3
27916,687,Guangdong,1,0,9,4,2,1,0,0,0,0,0,0,0,0,0,1,2,3,3,2,3,4,5,4,3,4,0,0,3,0,0,4,4,1,1,1,1,1,1,7,8,8,4,4,4,5,5,1,0,0,0,1,0,3,0,0,1,2,0,1,5,5,5,4,8,0,2,Guangdong,1,2,5,4,7,1,1
27917,400,Sichuan,0,1,7,4,2,0,1,0,0,0,0,0,1,0,0,0,2,2,2,2,4,4,4,4,3,4,0,0,3,0,0,4,3,1,1,1,1,1,1,6,8,5,3,4,3,4,4,1,1,1,1,1,0,2,0,1,2,2,2,2,4,4,3,4,7,0,1,Sichuan,1,1,5,11,2,4,1
27918,542,Gansu,0,1,9,4,3,1,1,0,0,0,0,0,1,0,0,0,2,2,2,1,4,4,4,5,4,5,0,0,3,0,0,2,4,1,1,0,1,1,1,10,10,10,4,5,4,4,1,1,1,0,1,1,0,2,1,2,3,3,1,0,4,3,5,4,10,0,2,Gansu,1,2,5,7,5,1,1
27919,719,Hubei,1,1,8,4,4,1,1,0,0,1,0,1,1,1,0,0,3,3,3,3,4,4,4,5,2,4,0,0,3,1,0,4,4,1,1,1,1,1,1,6,7,9,4,5,4,5,5,1,1,1,1,1,0,2,3,2,2,1,2,1,4,5,5,4,8,0,3,Hubei,1,2,6,5,7,1,3
27920,582,Anhui,0,1,9,4,3,1,0,0,0,0,0,0,0,0,0,1,2,3,3,3,4,4,4,5,3,4,0,0,2,1,1,4,1,1,1,1,1,1,1,3,7,9,4,4,5,4,4,1,0,0,0,1,0,4,1,0,1,2,0,1,4,5,4,4,8,1,2,Anhui,1,2,5,1,6,2,2
27921,682,Guizhou,1,0,8,4,4,1,1,0,0,0,0,0,0,0,1,0,2,3,2,4,4,4,5,5,4,4,0,0,3,1,0,4,2,1,1,1,1,0,1,4,5,7,4,4,5,4,4,1,0,0,0,1,0,3,1,0,2,2,0,0,5,4,5,5,9,0,2,Guizhou,0,2,5,4,7,2,2
27922,693,Ningxia,0,0,7,3,0,0,0,0,1,0,0,0,0,0,0,1,3,2,3,2,4,4,5,5,4,3,0,0,3,0,0,4,3,1,1,1,1,1,1,9,8,7,5,4,4,5,5,1,1,1,1,1,0,1,2,3,3,2,3,3,5,4,4,2,7,0,2,Shanxi,1,1,5,4,3,1,3
27923,532,Guangxi,1,1,9,4,4,1,1,0,0,0,0,0,1,0,0,0,3,4,3,3,3,4,4,4,3,4,0,0,3,1,1,4,5,1,0,1,1,1,1,5,7,8,4,3,4,3,4,1,0,0,0,1,0,4,1,1,2,2,1,3,4,5,4,3,8,0,2,Shanghai,1,2,5,4,7,2,2
27924,539,Henan,1,1,6,1,2,0,0,0,1,0,0,0,1,0,0,0,4,3,4,2,4,4,4,2,3,2,0,0,2,1,0,4,1,0,0,0,0,1,1,1,10,5,2,1,1,4,2,0,1,1,0,0,0,1,1,0,2,3,2,3,2,1,1,1,6,0,1,Henan,0,1,6,1,6,4,3
27925,299,Beijing,0,1,3,3,2,0,0,0,1,0,0,0,1,0,0,0,3,3,2,2,2,4,4,4,3,3,0,0,3,0,0,4,4,0,1,0,0,1,1,6,4,3,4,4,3,4,3,1,0,1,0,1,0,3,1,1,2,1,1,2,4,3,4,2,6,0,1,Beijing,0,1,5,11,3,4,3
27926,370,Hubei,0,0,9,2,0,0,0,0,1,0,0,1,1,0,0,0,3,2,2,3,4,4,5,4,1,4,0,0,3,0,0,4,1,1,1,0,0,0,1,2,2,1,2,2,3,5,4,1,1,1,1,1,0,4,2,0,0,3,2,3,2,2,3,5,8,0,1,Hubei,0,2,6,4,6,4,4
27927,673,Jiangxi,1,0,9,4,3,1,0,0,0,0,0,0,0,0,0,1,1,2,1,4,4,4,5,5,2,4,0,0,3,1,1,4,1,1,0,0,0,0,1,0,1,4,4,4,4,4,5,1,0,0,0,1,0,3,0,0,0,2,0,1,4,4,5,5,10,1,2,Jiangxi,1,2,4,1,7,1,1
27928,517,Shaanxi,1,0,8,2,3,0,0,0,1,0,0,0,0,0,0,1,3,3,2,2,3,4,5,5,4,3,0,0,3,1,0,4,3,0,0,0,1,1,1,9,8,9,4,4,5,4,4,1,0,1,0,1,0,2,1,0,2,2,1,2,4,5,4,5,8,0,1,Shaanxi,0,1,5,11,2,4,2
27929,811,Liaoning,0,1,8,4,4,1,0,0,0,0,0,0,0,0,0,1,2,3,3,3,4,4,4,1,4,2,0,0,2,0,0,4,1,0,1,0,0,0,1,6,8,2,1,2,1,4,1,0,1,1,0,0,0,1,1,0,1,3,1,3,2,2,2,1,7,1,2,Liaoning,1,2,6,1,6,2,3
27930,545,Guangdong,1,0,3,4,4,1,1,0,0,1,0,1,1,0,0,0,4,4,4,2,3,4,4,4,2,4,0,0,3,1,1,1,3,1,1,1,1,1,1,8,9,9,4,5,5,5,4,1,0,0,1,1,0,3,1,0,2,2,2,2,4,4,4,5,5,0,3,Guangdong,1,2,5,4,6,1,1
27931,785,Guangdong,1,1,9,3,4,1,1,0,0,0,0,1,1,0,0,0,3,3,4,2,4,4,5,5,3,5,0,0,3,1,0,4,3,1,1,1,0,1,1,5,7,2,4,4,2,5,5,1,0,1,1,1,0,2,1,0,1,3,1,1,5,5,5,5,10,1,3,Guangdong,0,2,4,4,6,1,4
27932,459,Sichuan,0,1,8,1,0,0,0,0,1,0,0,1,0,0,0,0,2,3,1,3,4,4,3,4,4,3,0,0,2,0,0,4,1,1,1,0,0,0,1,2,4,1,2,3,2,5,4,0,1,1,0,0,0,1,0,0,2,2,3,2,4,2,2,3,8,1,1,Chongqing,0,1,5,2,3,1,4
27933,612,Hubei,0,1,6,4,3,1,0,0,0,0,0,0,0,0,0,1,2,2,3,3,4,4,5,5,3,4,0,0,3,0,0,4,3,1,1,0,1,0,1,2,3,5,4,4,5,5,4,1,0,0,1,1,0,2,2,0,1,2,2,2,4,4,5,4,8,1,2,Hubei,1,2,5,4,6,1,3
27934,754,Jiangsu,0,1,6,3,2,1,0,0,0,0,0,0,0,0,0,1,1,3,2,2,4,4,4,5,3,4,0,0,3,0,0,4,1,1,0,1,0,0,1,2,3,8,5,5,4,4,4,1,0,0,1,1,0,2,1,1,1,2,1,1,4,5,4,4,6,0,2,Jiangsu,1,2,5,4,5,1,4
27935,639,Tianjin,1,0,8,3,2,1,0,0,0,0,0,1,1,0,0,0,4,4,4,2,3,4,5,5,2,4,0,0,3,1,0,4,4,1,0,1,1,1,1,8,7,10,4,4,4,3,4,1,0,0,0,1,0,2,2,2,3,3,1,2,4,5,4,3,8,0,4,Tianjin,1,2,3,6,6,4,3
27936,756,Shaanxi,1,0,9,4,3,1,0,0,0,0,0,0,1,0,0,0,3,4,4,2,4,4,5,2,4,2,0,0,3,1,1,4,1,1,1,0,0,0,1,8,10,2,2,1,1,4,1,0,1,1,0,1,0,2,0,0,0,3,2,3,4,1,1,3,6,1,4,Shaanxi,0,2,4,4,6,1,4
27937,484,Guangdong,1,1,9,2,2,1,0,0,0,0,0,1,0,0,1,0,2,3,3,2,2,4,4,4,3,4,0,0,3,1,1,4,4,1,1,1,1,1,1,3,5,9,4,4,5,4,5,1,0,0,0,1,0,3,1,0,2,3,1,2,4,5,4,5,9,0,2,Guangdong,0,1,3,1,5,1,4
27938,580,Shanxi,1,1,9,4,4,1,1,1,0,1,0,0,1,0,0,0,3,4,3,1,4,4,5,4,2,5,0,0,3,1,1,4,2,1,1,1,1,1,1,7,8,9,5,4,5,5,4,1,1,1,1,1,0,2,2,2,3,2,1,3,4,5,5,4,10,0,3,Shanxi,1,2,6,4,5,1,4
27939,775,Guangdong,0,1,9,4,4,1,0,0,0,0,0,0,0,0,1,0,3,3,2,2,3,4,4,5,2,4,0,0,3,0,0,4,3,1,1,0,1,0,0,4,7,8,1,4,4,4,4,1,0,0,0,1,0,3,0,0,1,2,1,0,4,5,5,4,10,0,2,Guangdong,1,2,6,4,6,1,3
27940,559,Zhejiang,1,0,8,4,4,1,0,0,0,0,0,0,1,0,0,0,2,3,2,2,2,4,4,5,2,4,0,0,3,0,0,2,2,1,1,0,1,0,1,1,3,8,5,4,2,5,3,0,1,1,0,1,0,2,1,0,2,2,1,1,4,5,4,4,8,1,2,Zhejiang,1,2,5,4,5,1,4
27941,483,Guizhou,1,1,9,2,1,0,0,0,1,0,0,0,1,0,0,0,2,3,2,3,2,4,5,4,3,3,0,0,3,0,0,4,5,1,1,1,1,1,1,6,7,9,4,4,4,5,3,1,0,0,0,1,0,2,1,0,0,1,1,1,4,5,4,5,7,0,1,Guizhou,0,1,5,1,5,4,2
27942,362,Sichuan,0,1,9,3,3,1,1,0,1,0,0,0,1,0,0,0,2,3,2,3,3,4,4,5,2,4,0,0,3,0,0,4,2,1,0,1,1,0,1,4,6,9,5,5,5,5,5,1,0,0,0,1,0,2,1,0,2,1,0,0,5,5,5,4,7,0,2,Sichuan,0,2,5,2,6,1,4
27943,701,Guangxi,0,0,9,4,4,1,1,0,0,0,0,0,0,0,0,1,2,1,2,2,2,4,5,5,4,4,0,0,3,0,0,4,2,1,1,0,1,0,1,7,8,9,4,4,5,5,4,1,0,0,0,1,0,2,1,1,2,3,1,1,4,5,5,3,9,0,2,Guangxi,0,2,5,2,5,1,3
27944,616,Zhejiang,1,0,5,2,0,0,0,0,1,0,0,0,1,0,0,0,3,2,2,2,4,4,5,2,3,2,0,0,3,0,0,4,1,1,1,0,0,0,0,2,2,1,2,1,1,5,2,0,1,1,0,0,0,1,0,0,1,2,3,3,4,1,2,2,8,0,2,Zhejiang,1,2,5,4,7,1,4
27945,512,Shandong,0,1,8,4,3,1,1,1,0,1,1,1,1,1,1,0,2,3,3,3,4,4,4,5,2,4,0,0,3,1,1,4,2,1,1,1,1,1,1,3,4,7,5,5,5,5,5,1,1,1,1,1,0,2,1,0,1,1,0,0,5,5,5,4,10,1,3,Shandong,1,2,5,2,4,1,3
27946,761,Shanxi,0,0,8,4,3,1,0,0,0,0,0,0,0,0,0,1,3,3,3,2,4,4,4,4,2,4,0,0,3,0,0,2,2,1,1,1,1,1,1,5,7,7,4,4,5,5,5,1,0,0,0,1,0,2,2,2,2,1,1,1,4,4,5,4,9,1,2,Shanxi,0,2,5,4,6,1,2
27947,752,Jiangsu,0,0,8,3,2,0,0,0,1,0,0,0,1,0,0,0,3,3,4,2,4,4,4,4,3,4,0,0,3,0,0,4,1,0,0,1,1,1,1,1,3,5,4,4,4,5,5,1,0,0,0,1,0,3,0,0,0,1,0,0,5,5,5,5,8,0,4,Jiangsu,0,2,4,8,6,1,4
27948,625,Sichuan,0,1,9,4,3,1,1,0,0,0,0,1,1,0,1,0,2,2,1,4,3,4,5,4,2,4,0,0,3,1,1,4,3,1,1,0,0,0,1,5,7,9,5,4,5,5,4,1,0,0,0,1,0,2,1,0,2,2,1,0,5,3,4,4,10,0,2,Sichuan,1,1,4,4,4,1,3
27949,635,Hainan,0,1,9,2,3,1,0,0,0,0,0,0,0,1,0,0,3,3,4,2,4,4,5,3,4,3,0,0,3,0,0,4,3,1,1,1,1,1,1,9,7,5,4,5,4,4,4,1,0,0,1,1,0,4,1,0,2,3,0,1,4,5,4,4,9,0,2,Hainan,1,2,5,5,5,2,4
27950,560,Guangxi,1,1,9,4,4,0,0,0,1,0,0,1,0,0,0,0,3,3,4,2,2,4,5,4,3,4,0,0,3,1,1,4,5,1,1,1,1,1,1,6,7,10,5,4,5,5,3,1,0,0,1,1,0,2,2,1,3,0,2,3,4,3,5,4,8,0,2,Guangxi,1,1,5,4,7,2,1
27951,384,Shandong,1,0,6,3,2,1,0,0,0,0,1,0,0,0,0,0,3,3,4,2,4,4,4,4,3,3,0,0,2,1,0,4,1,1,1,0,1,0,1,5,8,5,4,4,3,4,4,1,0,1,1,1,0,3,0,0,1,2,1,1,4,4,5,4,8,1,3,Shandong,1,2,5,4,6,1,2
27952,409,Hubei,0,0,9,4,2,0,0,0,1,0,0,0,0,0,0,1,3,3,2,2,4,4,5,5,3,4,0,0,3,0,0,4,4,1,1,1,1,1,1,6,8,9,4,4,5,4,4,1,0,0,0,1,0,2,1,0,2,1,1,2,4,4,5,4,8,0,2,Hubei,1,1,5,2,6,4,1
27953,493,Beijing,0,1,9,4,2,1,1,0,0,0,0,1,1,0,0,0,3,3,2,2,4,4,4,5,3,4,0,0,3,1,1,4,1,1,1,0,0,1,1,1,5,10,4,2,1,5,4,1,0,0,0,1,0,1,2,3,2,3,2,3,4,5,4,3,9,1,3,Beijing,1,3,5,6,3,4,3
27954,549,Henan,1,1,6,3,2,0,0,0,1,0,0,0,0,0,0,1,3,4,4,2,2,3,5,2,3,1,0,0,3,0,0,4,1,0,1,0,0,0,0,5,10,0,1,1,1,4,2,0,1,1,0,0,0,1,1,1,0,1,1,3,2,1,1,1,3,1,1,Henan,1,1,5,9,3,4,1
27955,447,Fujian,1,0,9,4,3,1,0,0,0,0,0,0,0,0,0,1,3,3,2,2,4,4,4,5,2,4,0,0,3,1,0,4,2,1,1,0,1,0,1,5,6,7,5,5,5,5,5,1,0,0,1,1,0,2,0,0,2,1,0,0,5,4,5,5,10,1,2,Fujian,0,2,5,4,5,2,2
27956,314,Sichuan,0,1,3,4,4,0,1,0,0,0,1,0,1,0,0,0,3,3,3,3,2,4,4,2,4,4,0,0,3,0,0,2,3,0,1,0,0,0,0,1,1,2,1,1,1,5,1,0,1,1,0,0,0,1,1,1,3,3,3,3,1,1,1,2,3,0,1,Sichuan,0,1,6,11,4,4,4
27957,605,Henan,0,0,9,1,4,1,1,0,0,0,0,1,1,0,0,0,2,3,4,2,2,3,5,4,3,4,0,0,3,0,0,4,5,1,1,1,1,1,1,3,5,6,3,4,4,5,2,0,1,1,1,0,0,1,2,0,1,3,1,2,4,4,3,3,6,0,1,Henan,1,1,5,11,4,4,3
27958,314,Shaanxi,0,0,9,1,4,0,0,0,1,0,0,0,0,0,0,1,2,2,2,2,2,4,3,4,3,3,0,0,2,1,0,4,2,0,1,1,0,0,1,7,8,9,4,4,2,4,3,0,1,1,0,1,0,1,2,2,0,3,1,2,4,4,4,3,5,0,1,Shaanxi,0,1,6,11,1,4,3
27959,587,Guangdong,0,0,9,3,1,0,0,0,1,0,0,0,0,0,0,1,1,2,2,3,4,4,4,4,3,5,0,0,3,0,0,4,4,0,1,0,0,0,1,5,5,6,4,2,3,5,2,1,1,1,0,0,0,2,1,1,2,2,1,2,4,1,3,2,6,0,2,Guangdong,0,1,4,4,5,4,4
27960,450,Heilongjiang,1,0,9,3,2,0,0,0,1,0,0,0,1,0,0,0,3,3,2,3,3,4,4,5,2,4,0,0,3,1,0,4,2,1,1,1,1,1,1,7,9,10,5,4,5,4,4,1,0,1,1,1,0,1,1,0,0,2,1,1,3,4,5,5,4,0,2,Heilongjiang,1,1,5,4,3,1,2
27961,483,Fujian,1,0,9,4,2,0,0,0,1,0,0,0,0,0,0,1,3,2,3,3,4,4,4,5,2,4,0,0,3,1,0,4,2,1,1,1,1,1,1,3,5,8,5,5,4,5,5,1,0,0,0,1,0,4,0,0,1,2,1,1,5,5,4,5,9,0,4,Fujian,1,1,6,4,7,2,2
27962,661,Shandong,1,1,8,4,1,0,0,0,1,0,0,0,0,0,0,1,2,2,2,3,4,4,4,5,4,4,0,0,2,1,0,4,1,1,1,1,0,1,1,1,2,8,4,4,5,5,4,1,0,0,0,1,0,3,0,0,1,1,0,0,5,4,4,4,9,1,4,Shandong,1,2,5,1,5,2,4
27963,634,Sichuan,0,0,6,4,2,0,0,0,1,0,0,0,0,0,0,1,2,2,3,3,4,4,5,2,4,1,0,0,2,0,0,4,1,1,0,0,0,0,1,7,9,2,1,1,1,5,1,0,1,1,0,0,0,1,2,3,3,3,2,3,2,2,1,1,3,0,4,Sichuan,1,2,5,1,5,1,3
27964,349,Beijing,0,0,6,1,1,0,0,0,1,0,0,0,1,1,0,0,3,4,4,3,3,3,4,5,3,4,0,0,3,0,0,4,2,1,0,1,1,1,1,6,8,4,2,2,1,4,2,1,1,1,0,1,0,2,1,2,1,3,1,1,3,4,4,3,8,0,1,Beijing,1,1,5,11,2,4,3
27965,597,Anhui,0,0,8,4,2,1,0,0,0,0,0,0,0,0,0,1,3,4,3,2,4,4,4,5,3,4,0,0,3,0,0,4,3,1,1,1,1,1,1,5,7,8,4,4,5,4,3,1,0,0,0,1,0,3,1,0,2,1,2,3,5,5,4,4,8,1,5,Anhui,1,2,4,4,6,1,1
27966,370,Jiangsu,1,1,8,3,1,0,0,0,1,0,0,0,1,0,0,0,2,2,3,2,3,4,5,5,4,4,0,0,3,0,0,4,1,1,1,0,0,1,1,4,9,8,5,4,5,5,5,1,0,0,0,1,0,4,1,0,0,3,0,1,5,4,4,5,10,1,2,Jiangsu,0,2,5,1,5,4,2
27967,252,Shandong,0,1,8,4,2,0,0,0,1,0,0,0,0,0,0,1,2,2,3,2,4,4,4,3,3,3,0,0,3,0,0,2,1,0,1,0,0,0,1,9,10,8,4,4,4,5,5,1,0,0,0,1,0,3,1,0,1,2,1,1,4,4,4,4,9,0,2,Shandong,1,2,5,4,4,1,2
27968,413,Shandong,0,1,9,1,3,0,0,0,1,0,0,0,0,0,0,1,3,3,2,3,4,4,4,5,3,4,0,0,3,0,0,4,5,1,1,0,0,0,1,8,9,8,4,4,2,4,3,1,1,0,0,1,0,2,1,0,2,2,1,2,4,4,5,4,9,0,1,Shandong,0,1,5,11,4,1,4
27969,469,Jiangxi,1,0,6,3,2,1,1,0,0,0,0,0,0,0,0,1,2,2,3,3,4,4,4,3,3,4,0,0,3,0,0,4,1,1,1,0,0,0,1,1,2,5,5,3,3,4,4,1,0,0,0,1,0,3,1,0,0,0,0,0,3,3,3,2,5,0,1,Jiangxi,1,1,5,4,5,1,3
27970,370,Tianjin,0,0,9,3,3,1,0,0,0,0,0,0,0,0,0,1,2,2,2,2,4,4,5,4,2,4,0,0,3,0,0,4,2,1,1,0,0,0,1,5,7,8,3,2,2,4,3,1,0,0,1,1,0,2,0,1,2,3,2,1,4,3,2,3,7,1,3,Jiangsu,1,2,6,4,6,1,2
27971,473,Hunan,1,0,8,4,4,1,1,0,0,0,0,1,0,0,0,0,3,3,3,3,3,4,4,4,3,4,0,0,3,1,1,1,4,1,1,1,1,1,1,5,5,8,4,4,4,4,3,1,0,0,0,1,0,2,1,0,1,2,1,1,4,4,4,4,7,1,1,Hunan,0,2,5,4,4,4,3
27972,603,Shandong,1,1,8,4,2,0,0,0,1,0,0,0,1,0,0,0,3,2,3,2,4,4,4,5,2,4,0,0,3,1,0,4,1,1,0,1,1,1,1,5,3,9,5,5,5,5,5,1,0,0,0,1,0,3,0,0,1,2,0,0,5,5,5,4,9,0,4,Shandong,1,2,5,1,7,2,4
27973,406,Jiangsu,0,0,9,4,4,0,1,0,0,0,0,0,1,0,0,0,3,2,3,3,4,4,4,5,2,3,0,0,3,1,0,4,2,1,1,0,1,0,1,1,6,8,4,2,4,4,5,1,0,0,0,1,0,3,0,0,1,2,1,1,4,3,4,5,10,1,4,Jiangsu,1,2,3,4,7,1,3
27974,594,Heilongjiang,1,1,7,3,3,0,1,0,0,1,0,1,0,0,0,0,4,3,3,3,4,4,5,5,4,4,1,2,2,1,0,4,4,1,1,1,0,0,1,7,8,5,4,4,2,5,4,1,0,0,1,1,0,2,2,3,2,2,2,1,4,5,4,3,9,0,1,Heilongjiang,1,1,5,4,4,2,3
27975,580,Inner Mongolia,0,0,9,3,2,1,0,0,0,0,0,1,1,0,1,0,3,3,4,3,4,4,4,5,3,4,0,0,3,1,0,1,1,1,1,1,1,1,1,5,7,9,5,4,5,4,4,1,0,0,1,1,0,2,1,0,2,1,0,1,4,4,5,5,8,0,2,Inner Mongolia,1,2,5,4,3,1,3
27976,568,Guangdong,1,1,8,3,3,1,0,0,0,0,0,0,1,0,0,0,3,3,2,3,3,4,5,4,3,3,0,0,3,1,0,4,2,1,1,0,0,1,1,3,3,5,4,4,4,5,4,1,0,0,0,1,0,3,0,0,1,0,1,1,4,4,5,3,7,0,3,Guangdong,0,2,5,1,6,1,1
27977,518,Jiangsu,0,0,9,4,4,1,0,1,0,0,1,0,1,0,0,0,2,3,3,3,4,4,4,5,4,4,0,0,3,1,0,4,2,1,1,1,1,1,1,3,6,2,2,4,4,5,4,1,0,0,0,1,0,2,1,1,2,2,1,1,5,4,4,5,7,0,2,Jiangsu,1,2,5,4,7,2,3
27978,300,Shaanxi,0,0,9,4,4,1,0,0,0,0,0,1,1,0,0,0,3,4,3,2,4,4,5,4,3,4,0,0,3,0,0,2,4,1,1,0,1,1,1,5,8,10,4,5,5,4,5,1,0,0,1,1,0,4,1,0,2,3,1,0,5,4,5,2,9,1,2,Shaanxi,1,2,5,4,6,4,4
27979,439,Shandong,0,0,9,3,3,1,0,0,0,0,0,0,0,0,0,1,3,3,3,2,4,4,4,5,4,4,0,0,3,1,0,4,2,1,1,1,1,1,1,3,8,10,4,4,2,5,5,1,0,1,1,1,0,4,2,1,1,3,2,2,4,5,4,5,9,1,3,Shandong,1,2,5,2,6,1,1
27980,325,Jiangsu,0,0,6,1,3,0,0,0,1,0,0,0,0,0,0,1,3,4,4,2,2,4,5,4,3,2,0,0,3,0,0,4,3,1,1,0,0,1,1,7,8,9,5,4,5,4,3,1,0,0,0,1,0,2,1,0,1,2,2,1,4,5,4,5,6,0,1,Jiangsu,0,1,5,11,5,1,4
27981,497,Hebei,0,0,8,4,3,0,0,0,1,0,0,0,1,0,0,0,2,3,3,2,4,4,4,5,2,4,0,0,3,1,0,4,3,1,1,1,0,1,1,9,10,7,2,4,2,5,4,1,1,1,1,1,0,1,2,2,2,3,1,3,4,4,4,4,7,1,1,Hebei,1,1,5,11,6,4,3
27982,531,Jilin,1,0,9,3,3,1,0,0,0,0,0,0,1,0,0,0,3,3,2,4,4,4,4,4,2,5,0,0,3,1,1,4,2,1,1,1,1,1,1,6,8,10,5,5,4,5,4,1,0,0,1,1,0,4,1,1,0,1,0,1,5,5,4,5,10,1,2,Jilin,1,2,5,5,6,1,3
27983,480,Guangxi,0,0,7,3,1,0,0,0,1,0,0,0,0,0,0,1,3,3,3,2,3,4,4,4,4,4,0,0,2,0,0,1,5,1,1,1,1,1,1,6,7,9,5,4,4,5,3,1,0,0,0,1,0,4,1,0,2,3,1,2,4,4,4,4,8,0,1,Guangxi,0,1,5,4,5,4,3
27984,522,Hebei,0,1,6,3,1,0,0,0,1,0,0,0,0,0,0,1,3,3,3,2,3,4,4,4,3,4,0,0,3,0,0,4,4,1,1,1,1,1,1,6,8,5,4,4,4,4,3,1,0,1,1,1,0,2,2,1,3,3,2,2,2,4,4,3,6,0,1,Hebei,1,1,5,11,2,2,2
27985,465,Sichuan,1,0,6,1,3,0,0,0,1,1,0,0,0,0,0,0,3,4,3,3,4,4,5,4,3,3,0,0,3,1,0,4,3,0,0,0,0,0,1,2,4,5,4,2,4,5,3,1,1,1,0,1,0,2,3,2,1,3,2,3,5,4,3,4,5,0,1,Sichuan,0,1,5,11,2,1,3
27986,495,Tianjin,0,0,6,2,0,0,0,0,1,0,0,0,0,0,0,1,3,3,4,2,2,4,4,4,3,4,0,0,3,1,1,4,1,1,0,0,1,0,1,5,7,8,4,4,3,4,4,1,0,0,0,1,0,1,1,0,0,2,2,2,4,4,4,3,8,0,1,Tianjin,0,1,5,2,6,4,4
27987,343,Jiangxi,0,0,6,1,4,0,0,0,1,0,0,0,1,0,0,0,3,3,2,2,2,4,4,4,3,4,0,0,3,1,0,4,1,1,0,0,1,0,1,6,5,7,4,4,4,5,4,1,0,1,0,1,0,2,0,0,0,2,1,1,4,4,4,3,7,0,1,Jiangxi,0,1,5,11,3,4,3
27988,498,Hubei,0,1,8,4,4,1,0,0,0,0,0,0,0,0,0,1,2,2,2,3,4,4,4,5,2,4,0,0,3,1,0,4,2,1,0,0,1,1,1,1,2,5,4,4,4,5,4,1,1,1,1,1,0,2,2,0,1,2,1,2,4,4,5,3,8,1,3,Hunan,1,2,6,2,7,2,2
27989,446,Henan,0,1,8,4,0,0,0,0,1,0,0,0,0,0,1,0,3,2,3,2,2,4,4,5,3,3,0,0,3,0,0,4,2,1,1,0,0,0,1,5,7,8,4,3,4,5,4,1,1,1,1,1,0,1,1,0,0,2,2,1,5,2,3,2,6,0,1,Henan,1,1,5,11,5,4,3
27990,485,Zhejiang,1,0,9,4,3,1,0,0,0,0,0,0,0,0,1,0,2,2,2,3,4,4,3,3,2,2,0,0,2,0,0,4,2,1,1,1,1,1,1,1,3,5,4,4,5,5,4,1,0,0,1,1,0,3,0,0,0,0,0,0,4,4,5,4,8,0,2,Zhejiang,0,2,5,6,6,1,4
27991,451,Jiangxi,1,1,8,3,3,1,0,0,0,0,0,0,0,0,1,0,1,2,2,3,4,4,4,5,4,4,0,0,3,1,0,4,1,1,1,1,1,1,1,2,5,4,2,4,4,5,4,1,0,1,1,1,0,3,2,0,1,2,0,2,4,5,4,4,9,1,2,Jiangxi,0,2,4,1,4,1,4
27992,226,Shanghai,1,0,8,1,2,0,0,0,1,0,1,0,0,0,0,0,2,3,3,3,4,4,5,3,3,2,0,0,2,0,0,4,2,1,1,0,0,0,1,8,9,5,2,1,1,5,1,0,1,1,1,0,0,2,2,1,1,3,1,3,2,1,1,1,7,0,1,Shanghai,1,1,5,11,6,4,3
27993,417,Heilongjiang,0,0,8,4,2,0,0,0,1,0,0,0,1,0,0,0,3,3,4,2,4,4,4,5,2,4,0,0,3,0,0,4,2,1,0,0,0,1,1,5,7,4,5,5,5,2,5,1,0,0,0,1,0,1,1,1,2,3,1,1,4,4,2,2,2,1,3,Heilongjiang,1,2,5,4,4,1,1
27994,412,Hubei,1,1,8,4,4,1,1,1,0,0,0,1,1,1,0,0,4,3,3,3,4,4,4,4,3,2,0,0,3,1,0,4,2,1,1,1,1,1,1,5,5,7,4,4,4,5,5,1,1,1,1,1,0,1,3,2,3,1,2,2,4,5,4,3,9,1,2,Hubei,0,2,5,2,6,1,4
27995,428,Shaanxi,1,0,8,3,1,0,0,0,1,0,0,0,0,0,1,0,4,4,3,2,4,4,5,5,3,4,0,0,3,0,0,4,1,1,1,1,0,1,1,6,8,10,5,4,3,4,5,1,0,1,1,1,0,2,1,0,2,3,1,2,5,4,4,5,7,0,4,Shaanxi,1,2,3,4,3,1,3
27996,357,Anhui,1,0,8,3,1,0,0,0,1,0,0,0,1,0,0,0,2,2,2,2,4,4,4,4,3,4,0,0,3,0,0,4,1,1,0,0,0,1,1,3,4,6,2,4,2,5,4,1,0,0,0,1,0,2,1,0,2,1,1,1,4,4,4,4,9,0,1,Anhui,1,1,5,4,6,4,2
27997,366,Hunan,1,1,6,4,1,0,0,0,1,0,0,0,0,0,0,1,2,2,3,2,2,4,3,4,2,3,0,0,3,0,0,4,3,1,1,0,1,0,1,3,5,8,4,2,1,4,4,1,1,1,1,1,0,2,1,0,1,2,1,2,2,3,4,3,4,0,1,Hunan,0,1,5,3,6,4,3
27679,406,Hubei,1,1,6,4,1,0,0,0,1,0,0,0,1,0,0,0,3,2,3,2,4,4,5,5,3,4,0,0,3,0,0,4,1,1,1,1,1,1,1,4,5,6,4,5,5,5,5,1,0,1,1,1,0,3,2,0,1,1,2,2,5,5,5,4,8,1,5,Hubei,1,2,4,8,4,1,4
27999,350,Anhui,1,0,6,2,1,0,0,0,1,0,0,0,0,0,0,1,2,3,4,1,1,4,3,4,3,4,0,0,3,0,0,4,4,1,1,0,0,1,1,7,8,5,5,4,2,4,4,1,1,0,0,1,0,3,1,0,2,2,0,1,2,5,4,4,8,0,1,Anhui,1,1,4,4,3,1,4
28000,224,Jiangsu,0,0,8,4,3,0,1,0,1,0,0,1,0,0,0,0,2,2,2,3,4,4,5,5,2,4,0,0,3,1,1,4,3,1,1,1,1,1,1,2,7,10,5,5,4,5,5,1,0,0,0,1,0,2,1,0,2,2,1,1,5,4,4,5,9,0,1,Jiangsu,1,1,5,4,4,1,3
10021,510,Shanghai,1,0,8,2,0,0,0,0,1,0,0,0,1,0,0,0,4,3,4,1,2,4,5,4,3,3,0,0,3,1,0,4,3,1,1,0,0,0,0,3,2,1,4,2,2,5,4,1,1,1,0,0,0,1,3,1,3,3,2,3,2,2,4,3,7,0,1,Shanghai,0,1,5,11,5,2,4
10022,969,Hubei,0,1,8,4,3,1,0,0,0,0,0,1,1,1,0,0,3,3,3,3,4,4,4,5,2,4,0,0,3,1,0,4,4,1,1,1,1,1,1,7,8,9,4,5,4,4,5,1,1,1,1,1,0,2,3,2,2,2,2,1,4,5,4,5,8,1,2,Hubei,1,2,5,4,7,1,3
10023,828,Hebei,1,0,8,3,3,1,0,0,0,0,0,0,1,0,1,0,4,3,4,2,4,4,4,5,4,5,0,0,3,1,1,4,1,1,1,1,1,1,1,8,9,9,5,5,4,5,5,1,0,0,0,1,0,2,3,2,2,3,1,1,5,5,4,5,10,0,2,Hebei,1,2,4,4,6,1,2
10024,1075,Xinjiang,1,1,9,3,3,0,0,0,1,0,0,0,1,1,0,0,3,2,3,3,4,4,4,4,2,4,0,0,3,1,0,4,3,1,0,1,0,1,1,6,4,8,4,4,5,4,4,1,0,0,0,1,0,4,1,0,2,1,1,0,4,4,5,5,10,0,2,Gansu,1,2,4,4,4,1,3
10025,878,Sichuan,1,0,8,3,1,0,0,0,1,0,0,0,0,0,0,1,1,2,2,3,4,4,5,5,2,4,0,0,3,1,0,4,1,1,1,0,0,0,1,7,9,3,2,1,2,5,2,1,1,1,1,1,0,2,1,0,2,3,2,3,4,1,2,5,10,1,2,Sichuan,0,1,5,4,6,1,1
10026,1070,Shandong,1,1,8,4,3,0,0,0,1,0,0,0,1,0,0,0,2,3,2,2,4,4,5,5,2,4,0,0,3,0,0,4,4,1,1,1,1,1,1,8,7,7,4,4,4,5,5,1,0,0,0,1,0,2,1,1,0,2,0,1,5,4,4,5,10,1,4,Shandong,1,2,5,1,7,1,4
10027,1019,Anhui,0,0,9,4,4,1,1,0,0,1,0,0,1,0,0,0,4,3,4,2,3,4,4,5,3,4,0,0,3,1,0,4,4,1,1,1,1,1,1,6,7,9,4,4,5,5,4,1,0,0,1,1,0,3,0,0,1,1,1,1,5,4,4,5,8,0,4,Anhui,1,2,6,1,7,2,3
10028,967,Anhui,1,1,8,4,2,1,1,0,0,1,0,0,1,0,1,0,3,4,4,2,3,4,4,5,3,4,0,0,3,1,0,4,3,1,1,1,1,1,1,9,7,5,4,5,4,4,5,1,0,0,1,1,0,2,0,1,2,1,1,2,4,5,5,4,8,1,1,Anhui,1,2,5,1,6,2,3
10029,975,Anhui,0,0,6,3,2,1,0,0,0,0,0,0,0,0,0,1,2,2,1,3,2,3,4,5,1,3,0,0,3,0,0,4,2,0,1,0,0,0,1,3,3,8,4,5,5,4,4,1,1,0,0,0,0,3,0,1,1,1,1,1,5,3,4,5,10,1,2,Ningxia,1,2,5,4,4,1,1
10030,932,Anhui,0,0,5,3,4,1,1,0,0,0,0,0,1,1,0,0,4,4,3,1,1,3,4,4,3,4,0,0,2,0,0,4,1,0,1,0,0,0,1,5,5,2,1,2,1,3,1,0,1,0,0,0,0,1,2,2,3,3,3,3,4,2,2,3,7,1,2,Hebei,1,2,5,1,5,1,1
10031,975,Anhui,0,0,10,4,3,1,0,0,0,0,0,0,0,0,0,1,1,1,1,4,3,3,4,5,1,4,0,0,3,0,0,4,2,1,1,1,1,1,1,1,2,7,5,5,5,5,5,1,0,0,0,0,0,3,0,0,0,1,1,1,5,4,4,5,10,1,2,Jiangsu,1,2,5,4,5,1,1
10032,973,Anhui,1,0,8,4,3,1,0,0,0,0,0,0,0,0,0,1,1,1,1,4,4,4,5,5,2,4,0,0,3,0,0,4,3,1,1,1,1,1,1,3,3,10,5,5,5,5,4,1,0,0,0,1,0,3,0,0,0,1,1,1,5,5,4,5,10,0,2,Zhejiang,1,2,6,4,6,1,2
10033,961,Anhui,0,0,9,4,4,1,1,0,0,1,0,0,0,0,0,0,4,3,3,3,3,4,4,5,3,4,0,0,3,1,0,4,3,1,1,1,1,1,1,6,8,9,4,4,5,4,5,1,0,0,1,1,0,3,0,1,1,2,1,1,4,5,5,4,7,1,3,Jiangsu,1,2,5,1,6,2,3
10034,944,Hebei,1,1,8,3,3,1,0,0,0,0,0,1,0,0,0,0,3,4,4,2,4,3,5,4,2,5,0,0,3,1,1,4,1,1,1,1,1,1,1,7,9,9,5,5,4,5,5,1,0,0,1,1,0,2,3,1,1,3,1,1,5,5,4,5,10,0,1,Hebei,1,2,5,1,6,1,1
10035,890,Henan,1,1,9,4,4,1,0,0,0,0,0,0,1,1,0,0,3,3,3,3,4,4,4,5,2,4,1,2,3,0,0,4,1,1,1,0,0,0,1,6,8,9,4,5,4,4,5,1,0,0,0,1,0,2,1,2,3,1,0,1,4,5,4,4,8,0,2,Henan,1,2,5,4,4,1,3
10036,702,Shandong,1,1,8,4,3,1,0,0,0,0,0,0,0,0,0,1,3,2,3,2,4,4,5,5,1,4,0,0,3,1,1,4,2,1,1,1,1,1,1,6,5,9,5,5,5,5,5,1,0,0,0,1,0,3,1,0,1,3,0,1,5,4,5,5,10,1,2,Shandong,1,2,5,3,6,2,3
10037,855,Hebei,0,0,8,4,4,1,1,0,0,0,0,0,1,0,1,0,3,3,2,2,2,4,4,5,3,4,0,0,3,1,0,4,2,1,1,1,1,1,1,5,7,8,4,3,4,5,4,1,1,1,0,1,0,3,1,1,2,1,0,1,4,3,4,3,6,0,2,Hebei,1,2,5,2,3,1,4
10038,841,Guangdong,0,1,6,4,4,1,0,0,0,0,0,0,0,0,0,1,3,3,2,3,2,3,5,4,3,4,0,0,3,0,0,4,4,1,1,1,1,1,1,3,3,6,4,4,4,5,4,1,0,0,1,1,0,2,0,0,1,2,0,2,4,5,4,4,9,0,2,Guangdong,1,2,6,4,7,1,3
10039,705,Shandong,1,1,6,4,4,1,0,0,0,0,0,0,0,0,1,0,2,3,2,2,4,4,4,5,2,3,0,0,3,1,0,4,1,1,0,0,1,1,1,4,5,9,5,4,4,4,4,1,0,0,1,1,0,4,1,0,1,0,1,0,5,4,5,4,8,1,2,Shandong,0,2,5,4,6,1,3
10040,695,Shandong,1,0,8,4,4,1,1,0,0,0,0,0,0,0,1,0,2,2,2,2,4,4,5,5,2,4,0,0,3,1,0,4,2,1,1,1,1,1,1,5,6,8,5,4,5,4,4,1,0,1,1,1,0,3,1,0,1,0,0,0,4,5,5,5,9,0,2,Anhui,1,2,5,4,5,1,3
10041,652,Hunan,1,1,8,3,3,1,0,0,0,1,0,0,1,0,0,0,2,3,3,2,4,4,4,4,3,4,0,0,3,0,0,4,2,1,0,1,1,1,1,2,6,5,4,4,4,5,4,1,0,0,0,1,0,2,1,0,2,2,1,1,4,4,4,4,7,0,2,Hunan,0,1,5,4,6,1,1
10042,548,Shandong,0,1,8,4,4,1,1,0,0,1,0,0,1,0,0,0,3,3,3,2,4,4,4,5,2,4,0,0,3,0,0,4,3,1,1,0,1,1,1,7,8,6,4,4,5,4,4,1,0,0,0,1,0,2,2,2,1,3,1,1,4,4,5,4,7,1,3,Hebei,1,2,5,4,6,1,3
10043,671,Shandong,1,0,9,3,2,1,1,1,0,1,0,1,1,1,0,0,3,3,3,2,4,4,4,5,2,5,0,0,3,1,0,4,4,1,1,1,1,1,1,2,4,7,4,5,5,4,4,1,1,1,1,1,0,4,1,1,0,2,1,1,5,5,4,4,9,1,3,Shandong,1,2,4,1,3,1,4
10044,639,Beijing,0,1,7,1,2,0,0,0,1,0,0,0,0,0,0,1,3,3,2,2,4,4,4,4,2,3,0,0,3,1,0,4,1,1,1,0,0,0,1,8,6,9,3,3,2,5,3,1,1,0,0,1,0,2,1,0,0,3,1,1,3,3,4,3,6,1,2,Beijing,0,1,6,2,5,2,3
10045,640,Guangdong,0,0,9,3,3,1,0,0,0,0,0,0,0,1,1,0,3,4,3,3,3,4,4,5,3,4,0,0,2,1,0,4,2,1,0,1,1,1,1,3,7,8,4,5,4,4,5,1,0,0,1,1,0,2,2,1,1,2,0,1,4,5,4,4,6,0,2,Guangdong,0,2,4,4,5,1,3
10046,498,Jilin,0,0,6,3,3,1,1,1,0,1,1,1,1,1,1,0,3,3,3,2,2,3,4,4,2,4,0,0,2,0,1,3,3,1,1,1,1,1,1,5,6,8,5,4,5,5,5,1,1,1,1,1,0,2,2,0,3,3,3,2,4,5,4,4,7,0,3,Jilin,1,2,3,2,3,1,3
10047,428,Beijing,1,0,3,1,4,0,0,0,1,0,0,0,0,0,0,1,3,3,4,2,4,4,4,3,3,2,0,0,3,0,0,4,1,0,1,0,0,0,1,3,4,1,2,2,1,5,2,0,1,1,0,0,0,1,0,1,0,3,2,3,2,2,1,3,7,0,1,Beijing,0,1,5,11,7,4,2
10048,428,Jiangsu,0,1,6,4,3,0,1,0,0,0,0,0,1,0,0,0,3,3,4,2,4,4,4,4,3,4,0,0,1,1,0,4,3,1,1,0,1,0,1,9,6,3,2,2,2,4,3,0,1,1,1,0,0,2,2,0,2,3,2,2,3,2,4,4,5,0,2,Jiangsu,1,1,6,1,5,4,2
10049,337,Sichuan,0,1,6,4,2,1,1,0,0,0,0,0,1,0,0,0,1,2,1,4,4,4,5,5,4,5,0,0,3,0,0,4,1,1,1,0,0,0,1,7,8,3,1,4,1,5,1,1,1,1,0,1,0,1,0,0,3,3,2,3,1,1,1,5,10,1,3,Sichuan,1,2,5,4,7,1,1
10050,320,Guangdong,0,1,8,4,4,1,0,0,0,0,0,1,0,0,0,0,2,2,2,2,3,4,5,5,2,4,0,0,3,1,0,4,3,1,1,1,1,1,1,3,5,7,4,4,4,5,4,1,1,1,1,1,0,2,0,0,1,1,0,1,5,4,4,4,9,0,2,Guangdong,1,1,5,4,6,1,3